#
# TABLE STRUCTURE FOR: channels
#
USE telegram;
DROP TABLE IF EXISTS `channels`;

CREATE TABLE `channels` (
  `id` int(10) unsigned NOT NULL AUTO_INCREMENT COMMENT 'Идентификатор строки',
  `user_id` int(10) unsigned NOT NULL COMMENT 'Идентификатор пользователя',
  `channel_name` varchar(100) COLLATE utf8_unicode_ci DEFAULT NULL COMMENT 'Имя группы',
  `posts_id` int(10) unsigned DEFAULT NULL COMMENT 'Пост',
  `link_channel` varchar(100) COLLATE utf8_unicode_ci NOT NULL COMMENT 'Линк',
  `created_at` datetime DEFAULT current_timestamp() COMMENT 'Время создания строки',
  `updated_at` datetime DEFAULT current_timestamp() ON UPDATE current_timestamp() COMMENT 'Время обновления строки',
  PRIMARY KEY (`id`),
  UNIQUE KEY `link_channel` (`link_channel`)
) ENGINE=InnoDB AUTO_INCREMENT=31 DEFAULT CHARSET=utf8 COLLATE=utf8_unicode_ci;

INSERT INTO `channels` (`id`, `user_id`, `channel_name`, `posts_id`, `link_channel`, `created_at`, `updated_at`) VALUES (1, 1, 'sint', 1, 'http://schimmel.com/', '2017-05-21 02:58:54', '2012-04-06 01:53:24');
INSERT INTO `channels` (`id`, `user_id`, `channel_name`, `posts_id`, `link_channel`, `created_at`, `updated_at`) VALUES (2, 2, 'consectetur', 2, 'http://hintzauer.info/', '2009-10-28 12:37:27', '2012-09-24 19:42:17');
INSERT INTO `channels` (`id`, `user_id`, `channel_name`, `posts_id`, `link_channel`, `created_at`, `updated_at`) VALUES (3, 3, 'perferendis', 3, 'http://ullrich.biz/', '2009-12-06 22:35:13', '1976-06-02 02:16:42');
INSERT INTO `channels` (`id`, `user_id`, `channel_name`, `posts_id`, `link_channel`, `created_at`, `updated_at`) VALUES (4, 4, 'beatae', 4, 'http://daughertydonnelly.biz/', '2013-04-05 11:07:28', '2001-04-07 14:01:36');
INSERT INTO `channels` (`id`, `user_id`, `channel_name`, `posts_id`, `link_channel`, `created_at`, `updated_at`) VALUES (5, 5, 'odio', 5, 'http://www.kuhlmanfay.biz/', '1992-05-03 23:57:10', '1993-02-24 16:24:34');
INSERT INTO `channels` (`id`, `user_id`, `channel_name`, `posts_id`, `link_channel`, `created_at`, `updated_at`) VALUES (6, 6, 'accusamus', 6, 'http://www.torp.info/', '2001-06-03 15:00:23', '1998-04-03 12:46:09');
INSERT INTO `channels` (`id`, `user_id`, `channel_name`, `posts_id`, `link_channel`, `created_at`, `updated_at`) VALUES (7, 7, 'et', 7, 'http://kiehn.com/', '2009-09-12 01:41:16', '2020-04-23 11:28:24');
INSERT INTO `channels` (`id`, `user_id`, `channel_name`, `posts_id`, `link_channel`, `created_at`, `updated_at`) VALUES (8, 8, 'est', 8, 'http://www.carter.com/', '2000-10-21 04:42:28', '1993-12-30 23:38:43');
INSERT INTO `channels` (`id`, `user_id`, `channel_name`, `posts_id`, `link_channel`, `created_at`, `updated_at`) VALUES (9, 9, 'alias', 9, 'http://russelturner.net/', '2006-04-17 10:15:26', '1971-07-01 14:35:21');
INSERT INTO `channels` (`id`, `user_id`, `channel_name`, `posts_id`, `link_channel`, `created_at`, `updated_at`) VALUES (10, 10, 'inventore', 10, 'http://kris.com/', '1972-03-24 14:53:25', '2010-12-23 13:17:51');
INSERT INTO `channels` (`id`, `user_id`, `channel_name`, `posts_id`, `link_channel`, `created_at`, `updated_at`) VALUES (11, 11, 'enim', 11, 'http://www.hyatt.org/', '2012-10-02 16:16:41', '1985-01-27 20:08:47');
INSERT INTO `channels` (`id`, `user_id`, `channel_name`, `posts_id`, `link_channel`, `created_at`, `updated_at`) VALUES (12, 12, 'perspiciatis', 12, 'http://schumm.com/', '2002-01-24 22:43:44', '2007-07-21 00:16:05');
INSERT INTO `channels` (`id`, `user_id`, `channel_name`, `posts_id`, `link_channel`, `created_at`, `updated_at`) VALUES (13, 13, 'repellat', 13, 'http://sauer.com/', '1991-08-24 14:59:29', '1995-12-09 05:05:04');
INSERT INTO `channels` (`id`, `user_id`, `channel_name`, `posts_id`, `link_channel`, `created_at`, `updated_at`) VALUES (14, 14, 'veniam', 14, 'http://www.hoppe.com/', '1979-07-25 06:53:59', '2007-11-26 15:25:42');
INSERT INTO `channels` (`id`, `user_id`, `channel_name`, `posts_id`, `link_channel`, `created_at`, `updated_at`) VALUES (15, 15, 'et', 15, 'http://www.berniergerlach.com/', '1982-12-21 03:29:18', '2003-01-19 06:55:03');
INSERT INTO `channels` (`id`, `user_id`, `channel_name`, `posts_id`, `link_channel`, `created_at`, `updated_at`) VALUES (16, 16, 'rerum', 16, 'http://www.millerprice.com/', '1988-08-06 20:20:40', '1988-05-30 23:52:52');
INSERT INTO `channels` (`id`, `user_id`, `channel_name`, `posts_id`, `link_channel`, `created_at`, `updated_at`) VALUES (17, 17, 'recusandae', 17, 'http://www.gleichner.com/', '1983-07-31 14:30:41', '1973-03-25 23:55:42');
INSERT INTO `channels` (`id`, `user_id`, `channel_name`, `posts_id`, `link_channel`, `created_at`, `updated_at`) VALUES (18, 18, 'numquam', 18, 'http://walsh.com/', '2002-06-20 14:24:09', '1996-12-14 07:48:30');
INSERT INTO `channels` (`id`, `user_id`, `channel_name`, `posts_id`, `link_channel`, `created_at`, `updated_at`) VALUES (19, 19, 'in', 19, 'http://www.spencer.com/', '2018-04-18 00:23:27', '1983-11-14 01:22:26');
INSERT INTO `channels` (`id`, `user_id`, `channel_name`, `posts_id`, `link_channel`, `created_at`, `updated_at`) VALUES (20, 20, 'nemo', 20, 'http://littelzulauf.net/', '1983-05-13 16:28:58', '1998-10-17 05:09:50');
INSERT INTO `channels` (`id`, `user_id`, `channel_name`, `posts_id`, `link_channel`, `created_at`, `updated_at`) VALUES (21, 21, 'placeat', 21, 'http://kshlerinlang.info/', '2019-05-08 17:12:50', '2015-11-05 03:55:52');
INSERT INTO `channels` (`id`, `user_id`, `channel_name`, `posts_id`, `link_channel`, `created_at`, `updated_at`) VALUES (22, 22, 'quisquam', 22, 'http://www.jerde.com/', '2011-09-23 02:09:23', '1978-03-10 10:12:55');
INSERT INTO `channels` (`id`, `user_id`, `channel_name`, `posts_id`, `link_channel`, `created_at`, `updated_at`) VALUES (23, 23, 'aut', 23, 'http://hessel.biz/', '2019-01-11 16:49:22', '1993-10-30 17:36:19');
INSERT INTO `channels` (`id`, `user_id`, `channel_name`, `posts_id`, `link_channel`, `created_at`, `updated_at`) VALUES (24, 24, 'amet', 24, 'http://berge.com/', '2006-12-28 04:15:58', '2014-01-12 16:03:41');
INSERT INTO `channels` (`id`, `user_id`, `channel_name`, `posts_id`, `link_channel`, `created_at`, `updated_at`) VALUES (25, 25, 'occaecati', 25, 'http://ziemebechtelar.org/', '2006-09-04 00:25:52', '2001-07-28 16:46:13');
INSERT INTO `channels` (`id`, `user_id`, `channel_name`, `posts_id`, `link_channel`, `created_at`, `updated_at`) VALUES (26, 26, 'sint', 26, 'http://oberbrunnerdickinson.biz/', '2005-09-24 04:49:25', '1972-12-26 08:34:16');
INSERT INTO `channels` (`id`, `user_id`, `channel_name`, `posts_id`, `link_channel`, `created_at`, `updated_at`) VALUES (27, 27, 'asperiores', 27, 'http://www.hayesdurgan.com/', '1970-12-09 02:24:27', '2017-02-09 09:18:59');
INSERT INTO `channels` (`id`, `user_id`, `channel_name`, `posts_id`, `link_channel`, `created_at`, `updated_at`) VALUES (28, 28, 'quae', 28, 'http://www.purdy.biz/', '1993-02-07 10:11:51', '1970-05-26 16:17:48');
INSERT INTO `channels` (`id`, `user_id`, `channel_name`, `posts_id`, `link_channel`, `created_at`, `updated_at`) VALUES (29, 29, 'reprehenderit', 29, 'http://www.homenickhayes.net/', '2016-03-03 20:06:59', '1977-11-29 03:49:29');
INSERT INTO `channels` (`id`, `user_id`, `channel_name`, `posts_id`, `link_channel`, `created_at`, `updated_at`) VALUES (30, 30, 'odio', 30, 'http://russel.com/', '1977-04-09 10:46:59', '2010-04-13 17:35:03');


#
# TABLE STRUCTURE FOR: comments
#

DROP TABLE IF EXISTS `comments`;

CREATE TABLE `comments` (
  `id` int(10) unsigned NOT NULL AUTO_INCREMENT COMMENT 'Идентификатор строки',
  `user_id` int(10) unsigned NOT NULL COMMENT 'Ссылка на отправителя сообщения',
  `posts_id` int(10) unsigned DEFAULT NULL COMMENT 'Пост',
  `body` text COLLATE utf8_unicode_ci DEFAULT NULL COMMENT 'Текст сообщения',
  `media_file_id` int(10) unsigned DEFAULT NULL COMMENT 'Медиа файл',
  `created_at` datetime DEFAULT current_timestamp(),
  `updated_at` datetime DEFAULT current_timestamp() ON UPDATE current_timestamp(),
  PRIMARY KEY (`id`)
) ENGINE=InnoDB AUTO_INCREMENT=101 DEFAULT CHARSET=utf8 COLLATE=utf8_unicode_ci;

INSERT INTO `comments` (`id`, `user_id`, `posts_id`, `body`, `media_file_id`, `created_at`, `updated_at`) VALUES (1, 1, 1, 'Est dolor ut qui ab eius omnis quis suscipit. Eos facilis sunt qui quo. Natus est excepturi excepturi.', 1, '2020-07-02 02:31:54', '1979-08-03 01:29:03');
INSERT INTO `comments` (`id`, `user_id`, `posts_id`, `body`, `media_file_id`, `created_at`, `updated_at`) VALUES (2, 2, 2, 'Voluptatem rem ut corporis culpa consequuntur. Consequuntur cupiditate sed et soluta qui. Maxime consequuntur molestiae cumque architecto. Eius unde sunt quis quae delectus atque praesentium nobis.', 2, '2009-10-11 10:25:48', '2007-03-04 16:26:21');
INSERT INTO `comments` (`id`, `user_id`, `posts_id`, `body`, `media_file_id`, `created_at`, `updated_at`) VALUES (3, 3, 3, 'Facilis maxime quidem quia quo id dolorum consequuntur nemo. Quis sint eligendi iusto tenetur dolores. Consequatur nihil perspiciatis et in. Quia voluptatem labore laborum reiciendis.', 3, '2011-12-09 14:28:06', '1992-05-22 19:14:28');
INSERT INTO `comments` (`id`, `user_id`, `posts_id`, `body`, `media_file_id`, `created_at`, `updated_at`) VALUES (4, 4, 4, 'Sed aut odio ut ullam beatae quam. Nesciunt eum voluptatem sit et adipisci. Accusamus sapiente non et soluta aperiam. In temporibus voluptas sed.', 4, '2002-08-16 00:15:06', '1984-07-20 06:52:05');
INSERT INTO `comments` (`id`, `user_id`, `posts_id`, `body`, `media_file_id`, `created_at`, `updated_at`) VALUES (5, 5, 5, 'Repellendus voluptatem unde itaque velit. Doloremque et et aut voluptate. Ipsam ex eaque aperiam magni sed.', 5, '2000-01-05 22:09:42', '1975-05-10 12:49:51');
INSERT INTO `comments` (`id`, `user_id`, `posts_id`, `body`, `media_file_id`, `created_at`, `updated_at`) VALUES (6, 6, 6, 'Aut ipsum nesciunt sit modi sit nihil. Ea incidunt eius debitis corrupti esse rerum. Doloribus quam dolores aut deserunt tenetur. Explicabo amet quae aperiam aut nihil neque dignissimos distinctio.', 6, '1986-02-22 08:25:05', '1977-10-30 08:28:22');
INSERT INTO `comments` (`id`, `user_id`, `posts_id`, `body`, `media_file_id`, `created_at`, `updated_at`) VALUES (7, 7, 7, 'Pariatur laborum fugit autem impedit voluptas numquam. Aut laboriosam commodi harum non odio. Quod accusantium in ex eos quo rerum.', 7, '2000-10-16 13:19:07', '1993-12-05 09:24:08');
INSERT INTO `comments` (`id`, `user_id`, `posts_id`, `body`, `media_file_id`, `created_at`, `updated_at`) VALUES (8, 8, 8, 'Eos ut ut aliquid quae. Sint unde labore autem voluptatem. Ut debitis soluta facere.', 8, '1992-12-10 02:43:02', '2014-06-10 10:06:49');
INSERT INTO `comments` (`id`, `user_id`, `posts_id`, `body`, `media_file_id`, `created_at`, `updated_at`) VALUES (9, 9, 9, 'Pariatur nihil qui accusantium a. Recusandae deleniti ut vero vitae qui. Doloribus et omnis facilis similique quia in eligendi ea. Numquam quaerat hic ullam qui laborum harum.', 9, '1992-10-07 14:26:03', '1997-05-31 21:16:46');
INSERT INTO `comments` (`id`, `user_id`, `posts_id`, `body`, `media_file_id`, `created_at`, `updated_at`) VALUES (10, 10, 10, 'Corrupti velit et perspiciatis facere delectus rerum aut. Sed ab labore inventore voluptas. Quod velit modi deleniti nemo aperiam expedita. In animi dolores doloribus natus adipisci sit saepe.', 10, '1977-03-24 11:35:47', '1972-04-09 18:04:45');
INSERT INTO `comments` (`id`, `user_id`, `posts_id`, `body`, `media_file_id`, `created_at`, `updated_at`) VALUES (11, 11, 11, 'Perferendis doloremque exercitationem nobis sed. Aut voluptatem quis voluptas velit consectetur ullam. Velit culpa quia quia quasi. Enim repellat qui voluptatem quidem nemo eum ipsa doloremque.', 11, '2003-05-25 06:49:27', '2016-07-14 05:49:22');
INSERT INTO `comments` (`id`, `user_id`, `posts_id`, `body`, `media_file_id`, `created_at`, `updated_at`) VALUES (12, 12, 12, 'Ipsa quas atque et nihil. Illum ipsum quia sit beatae natus. Voluptas atque nisi sapiente sit consequatur explicabo voluptatem. Repellat totam quia quibusdam placeat eligendi omnis blanditiis sint.', 12, '1973-04-22 09:17:05', '2019-01-22 19:31:41');
INSERT INTO `comments` (`id`, `user_id`, `posts_id`, `body`, `media_file_id`, `created_at`, `updated_at`) VALUES (13, 13, 13, 'Iure exercitationem occaecati eos quaerat. Numquam sed corrupti repellendus suscipit culpa reprehenderit est distinctio. Eaque et modi amet ut.', 13, '1974-12-18 11:49:37', '2013-08-28 16:07:20');
INSERT INTO `comments` (`id`, `user_id`, `posts_id`, `body`, `media_file_id`, `created_at`, `updated_at`) VALUES (14, 14, 14, 'Corporis in molestiae pariatur dolore pariatur earum. Aut assumenda voluptatem quidem. Culpa rerum dolorem incidunt porro nobis rerum.', 14, '1995-10-18 14:00:45', '2013-12-14 21:36:53');
INSERT INTO `comments` (`id`, `user_id`, `posts_id`, `body`, `media_file_id`, `created_at`, `updated_at`) VALUES (15, 15, 15, 'Voluptas exercitationem ratione voluptas facilis nihil labore. Et nisi eos architecto ipsam. Qui et accusamus a cupiditate deserunt porro est. Eum maiores cupiditate neque excepturi.', 15, '1979-05-06 14:21:08', '1989-08-07 07:52:40');
INSERT INTO `comments` (`id`, `user_id`, `posts_id`, `body`, `media_file_id`, `created_at`, `updated_at`) VALUES (16, 16, 16, 'Architecto ratione qui asperiores necessitatibus laboriosam in aspernatur. Est harum perferendis voluptatem ad ut veniam dolorem. Cumque vero nisi temporibus inventore est aut minima suscipit.', 16, '2018-10-12 02:48:54', '2010-06-22 22:16:26');
INSERT INTO `comments` (`id`, `user_id`, `posts_id`, `body`, `media_file_id`, `created_at`, `updated_at`) VALUES (17, 17, 17, 'Laboriosam laborum nihil a. Aut nostrum aut quos nemo dolorum voluptas tenetur qui. Deleniti ad non ut omnis officia. Voluptates voluptate dolores esse maiores nobis. Molestias praesentium repudiandae soluta est rem commodi.', 17, '2010-02-19 22:46:13', '2012-07-25 01:51:05');
INSERT INTO `comments` (`id`, `user_id`, `posts_id`, `body`, `media_file_id`, `created_at`, `updated_at`) VALUES (18, 18, 18, 'Sint ut magnam qui esse ullam. Sint magnam similique distinctio enim. Accusantium alias quibusdam voluptate occaecati ullam.', 18, '1990-06-05 18:53:48', '2005-10-26 04:41:10');
INSERT INTO `comments` (`id`, `user_id`, `posts_id`, `body`, `media_file_id`, `created_at`, `updated_at`) VALUES (19, 19, 19, 'Nisi et est illo rem a. Quia ea sapiente excepturi modi et dolorem aut qui. Vero et reprehenderit quisquam. Et et enim qui occaecati ut quas.', 19, '1976-05-13 13:36:13', '2014-08-30 02:18:25');
INSERT INTO `comments` (`id`, `user_id`, `posts_id`, `body`, `media_file_id`, `created_at`, `updated_at`) VALUES (20, 20, 20, 'Dignissimos porro et debitis aliquid nulla aut et. Quibusdam eligendi eveniet numquam voluptate sequi a. Atque sunt aspernatur aspernatur nisi sed quis. Dolore sit et id culpa.', 20, '2017-06-09 21:14:30', '1980-07-05 19:37:53');
INSERT INTO `comments` (`id`, `user_id`, `posts_id`, `body`, `media_file_id`, `created_at`, `updated_at`) VALUES (21, 21, 21, 'Voluptas officiis est non minus et quo et. Voluptatem aut provident ipsum autem blanditiis. Laboriosam quas nulla sint impedit eius eligendi cumque perferendis. Consequatur temporibus corporis minima ipsam voluptatum veritatis quia.', 21, '1980-12-23 10:21:53', '1983-10-03 02:39:27');
INSERT INTO `comments` (`id`, `user_id`, `posts_id`, `body`, `media_file_id`, `created_at`, `updated_at`) VALUES (22, 22, 22, 'Est a esse ut iste ratione. Temporibus ut rerum sit dolorum doloribus qui. Praesentium voluptatum aut in rerum. Necessitatibus aut eveniet doloremque corporis voluptas voluptatem qui.', 22, '1979-12-26 06:21:48', '1976-09-07 00:36:26');
INSERT INTO `comments` (`id`, `user_id`, `posts_id`, `body`, `media_file_id`, `created_at`, `updated_at`) VALUES (23, 23, 23, 'Quae nemo et voluptas inventore non deleniti fugiat. Enim vel distinctio commodi laudantium qui enim. Eos culpa ipsum ut corporis sit porro natus. Vitae iure expedita aliquam culpa.', 23, '2015-01-22 07:32:05', '1993-11-23 20:35:56');
INSERT INTO `comments` (`id`, `user_id`, `posts_id`, `body`, `media_file_id`, `created_at`, `updated_at`) VALUES (24, 24, 24, 'Exercitationem fugiat odio harum nisi eligendi laborum et. Quisquam sit veniam sint nemo hic voluptatibus blanditiis. Placeat id rerum illum accusamus vitae accusamus ullam.', 24, '1981-09-04 00:14:00', '1977-11-15 08:34:48');
INSERT INTO `comments` (`id`, `user_id`, `posts_id`, `body`, `media_file_id`, `created_at`, `updated_at`) VALUES (25, 25, 25, 'Ex cupiditate velit mollitia consequuntur aliquam non. Exercitationem qui eaque mollitia officiis iure quo rerum voluptatem. Perferendis quibusdam qui rerum modi. Accusantium officiis perferendis dolores placeat corrupti quis.', 25, '2015-08-04 04:29:56', '1970-09-28 20:53:26');
INSERT INTO `comments` (`id`, `user_id`, `posts_id`, `body`, `media_file_id`, `created_at`, `updated_at`) VALUES (26, 26, 26, 'Error sint ea officiis. Nam officiis et voluptates et. Qui velit rem dolorum doloribus.', 26, '2019-08-20 09:55:33', '1970-03-06 17:52:20');
INSERT INTO `comments` (`id`, `user_id`, `posts_id`, `body`, `media_file_id`, `created_at`, `updated_at`) VALUES (27, 27, 27, 'Facilis praesentium amet qui qui quo amet et. Qui autem neque ad consequatur eligendi reiciendis sint. Perferendis quam aut nihil dolorum.', 27, '1986-10-08 07:00:37', '1983-08-28 17:01:39');
INSERT INTO `comments` (`id`, `user_id`, `posts_id`, `body`, `media_file_id`, `created_at`, `updated_at`) VALUES (28, 28, 28, 'Sapiente laborum recusandae inventore. Unde nam hic praesentium perspiciatis. Molestiae nobis est tempore ut inventore nobis.', 28, '1973-03-02 13:33:13', '1971-12-30 10:59:06');
INSERT INTO `comments` (`id`, `user_id`, `posts_id`, `body`, `media_file_id`, `created_at`, `updated_at`) VALUES (29, 29, 29, 'Non ut similique repellat alias dicta fugit nihil. Tempora enim dolor qui aut. In cum est et dolorem. Voluptatibus commodi tempora ducimus voluptatibus repellat. Eaque totam quos aspernatur natus officiis vitae laborum.', 29, '1996-03-26 04:19:55', '2017-09-07 05:08:54');
INSERT INTO `comments` (`id`, `user_id`, `posts_id`, `body`, `media_file_id`, `created_at`, `updated_at`) VALUES (30, 30, 30, 'Rerum non sed vero et minus aut. Eveniet pariatur commodi doloribus asperiores repellat ut. Eum sint maxime et placeat natus consectetur.', 30, '2010-08-15 18:42:06', '2004-06-02 07:45:49');
INSERT INTO `comments` (`id`, `user_id`, `posts_id`, `body`, `media_file_id`, `created_at`, `updated_at`) VALUES (31, 31, 31, 'Qui pariatur et nobis laboriosam ut reiciendis et est. Aut nesciunt perferendis quaerat eveniet repudiandae.', 31, '1988-03-13 02:19:57', '1978-04-15 00:19:42');
INSERT INTO `comments` (`id`, `user_id`, `posts_id`, `body`, `media_file_id`, `created_at`, `updated_at`) VALUES (32, 32, 32, 'Qui est neque fugiat dolorem beatae sed. Et consequatur rem illo quae reprehenderit vero sapiente. Et error qui id iure expedita. Odio sit delectus enim maxime dolores.', 32, '1971-08-08 07:26:13', '1970-11-22 13:06:34');
INSERT INTO `comments` (`id`, `user_id`, `posts_id`, `body`, `media_file_id`, `created_at`, `updated_at`) VALUES (33, 33, 33, 'Aperiam rerum iure voluptatem ratione officiis eligendi maxime. Eius laboriosam ea fugiat blanditiis qui perspiciatis. Est fugit qui fugit similique provident suscipit quidem. Animi minima in sed mollitia dolorem voluptates. Omnis odit enim ut at laudantium optio qui.', 33, '1993-04-20 00:25:21', '2015-09-05 10:32:16');
INSERT INTO `comments` (`id`, `user_id`, `posts_id`, `body`, `media_file_id`, `created_at`, `updated_at`) VALUES (34, 34, 34, 'Fuga ut quisquam ut. Ut necessitatibus totam odio consequatur ut error. Sapiente sint omnis reiciendis soluta. Sint deleniti perferendis molestias est harum eos.', 34, '1973-10-06 11:26:30', '1999-03-31 17:37:10');
INSERT INTO `comments` (`id`, `user_id`, `posts_id`, `body`, `media_file_id`, `created_at`, `updated_at`) VALUES (35, 35, 35, 'Quo quis at sunt omnis consectetur incidunt. Non repudiandae vel consectetur ab. Quisquam quia harum distinctio. Molestiae ipsum autem saepe iste inventore consequuntur.', 35, '2009-09-05 13:23:44', '2018-05-04 16:21:58');
INSERT INTO `comments` (`id`, `user_id`, `posts_id`, `body`, `media_file_id`, `created_at`, `updated_at`) VALUES (36, 36, 36, 'Laborum aut sed doloribus est laudantium autem dolores fuga. Nostrum corporis consectetur qui ad nihil et quis. Ut dolores corrupti ut facilis. Consequatur velit voluptatum dolorem.', 36, '2016-11-13 12:26:17', '2016-08-24 06:22:39');
INSERT INTO `comments` (`id`, `user_id`, `posts_id`, `body`, `media_file_id`, `created_at`, `updated_at`) VALUES (37, 37, 37, 'Aut esse fuga culpa autem. Voluptatum atque officiis doloribus excepturi.', 37, '1972-04-16 14:38:57', '1982-07-16 13:27:57');
INSERT INTO `comments` (`id`, `user_id`, `posts_id`, `body`, `media_file_id`, `created_at`, `updated_at`) VALUES (38, 38, 38, 'Assumenda explicabo corrupti iusto minima eos. Et atque quisquam et corporis rerum. Qui voluptates ad voluptas blanditiis.', 38, '2003-12-26 12:44:24', '2004-04-30 14:21:48');
INSERT INTO `comments` (`id`, `user_id`, `posts_id`, `body`, `media_file_id`, `created_at`, `updated_at`) VALUES (39, 39, 39, 'Illum amet pariatur omnis odit facere quibusdam. Est dolor magnam consequuntur et nulla animi. Id dolorem dolor recusandae harum beatae culpa hic. Voluptatibus praesentium rerum asperiores fuga similique a.', 39, '1996-04-02 01:06:05', '1971-01-17 16:46:08');
INSERT INTO `comments` (`id`, `user_id`, `posts_id`, `body`, `media_file_id`, `created_at`, `updated_at`) VALUES (40, 40, 40, 'Animi repellat voluptatem voluptates esse quos. Consequatur nemo nemo minima iusto autem maxime eos. Adipisci dolorem inventore qui nobis amet.', 40, '2006-01-26 12:21:25', '2016-08-13 05:23:22');
INSERT INTO `comments` (`id`, `user_id`, `posts_id`, `body`, `media_file_id`, `created_at`, `updated_at`) VALUES (41, 41, 41, 'Est eum aliquid officiis perspiciatis. Vitae minus et soluta neque. Laboriosam illum quisquam provident nihil voluptates incidunt.', 41, '1994-06-20 04:32:33', '1989-05-12 20:44:19');
INSERT INTO `comments` (`id`, `user_id`, `posts_id`, `body`, `media_file_id`, `created_at`, `updated_at`) VALUES (42, 42, 42, 'Dicta animi amet autem earum. Vero culpa aspernatur iusto quis itaque et. Necessitatibus nemo hic consequatur autem magni eum. Rerum ea et maxime nulla aut et ex id.', 42, '2019-09-10 18:32:24', '2013-11-21 06:02:50');
INSERT INTO `comments` (`id`, `user_id`, `posts_id`, `body`, `media_file_id`, `created_at`, `updated_at`) VALUES (43, 43, 43, 'Sunt maiores earum ut. Enim veniam temporibus quis odit odio. Omnis officiis modi sit placeat officiis aut expedita quia. Est vitae voluptatem non sint accusamus maiores.', 43, '2003-11-02 03:59:58', '1974-12-26 06:20:31');
INSERT INTO `comments` (`id`, `user_id`, `posts_id`, `body`, `media_file_id`, `created_at`, `updated_at`) VALUES (44, 44, 44, 'Eos deleniti minima ea sint. Aliquid id cupiditate quo et. Repudiandae dolorum pariatur possimus ut accusantium ut laudantium. In et ipsa omnis est dolore.', 44, '1986-05-25 19:25:47', '1993-09-23 16:36:41');
INSERT INTO `comments` (`id`, `user_id`, `posts_id`, `body`, `media_file_id`, `created_at`, `updated_at`) VALUES (45, 45, 45, 'Autem sequi vel porro porro iusto quo. Commodi dolores repudiandae ut pariatur aut. Cupiditate autem nemo saepe qui est.', 45, '2018-08-03 01:03:32', '1996-07-22 17:42:39');
INSERT INTO `comments` (`id`, `user_id`, `posts_id`, `body`, `media_file_id`, `created_at`, `updated_at`) VALUES (46, 46, 46, 'Ipsa iste pariatur possimus. Iste quae qui nisi voluptatem consequuntur at possimus. Nobis impedit aspernatur aut voluptatibus. Reprehenderit corrupti officiis ipsa non eaque provident. Voluptatem sint rerum eius repellat repudiandae.', 46, '2003-05-03 17:03:32', '2004-11-30 10:00:44');
INSERT INTO `comments` (`id`, `user_id`, `posts_id`, `body`, `media_file_id`, `created_at`, `updated_at`) VALUES (47, 47, 47, 'Et corporis vel ipsum exercitationem earum eligendi. Pariatur qui eaque sed facilis cum. Earum velit sint adipisci ut labore. Modi fugit voluptatem officia cupiditate officiis eligendi.', 47, '1996-10-04 04:49:31', '2018-11-24 08:32:13');
INSERT INTO `comments` (`id`, `user_id`, `posts_id`, `body`, `media_file_id`, `created_at`, `updated_at`) VALUES (48, 48, 48, 'Exercitationem vitae omnis ipsum placeat in autem. Et id cupiditate corrupti dolores ea reprehenderit. Sint autem ad et quia quidem earum. Non et est dolor ratione. Recusandae cupiditate quasi vel.', 48, '1972-05-04 14:14:21', '1998-06-26 05:46:36');
INSERT INTO `comments` (`id`, `user_id`, `posts_id`, `body`, `media_file_id`, `created_at`, `updated_at`) VALUES (49, 49, 49, 'Tempore maiores vero dolorem cupiditate. Molestiae voluptatem maiores sequi. Ea tenetur harum voluptatem sequi natus. Itaque autem autem ipsum dolores qui pariatur delectus iure.', 49, '1984-12-10 06:57:06', '1985-09-21 20:45:49');
INSERT INTO `comments` (`id`, `user_id`, `posts_id`, `body`, `media_file_id`, `created_at`, `updated_at`) VALUES (50, 50, 50, 'Labore quia quisquam id pariatur ratione itaque. Vitae qui ab sed non.', 50, '1986-12-08 00:28:13', '1970-01-07 13:30:40');
INSERT INTO `comments` (`id`, `user_id`, `posts_id`, `body`, `media_file_id`, `created_at`, `updated_at`) VALUES (51, 1, 51, 'Porro debitis qui non earum non. Et temporibus eveniet quasi. Odit rerum id consequuntur earum consequatur vitae officia nihil.', 1, '1984-02-20 07:50:05', '2007-04-22 05:19:53');
INSERT INTO `comments` (`id`, `user_id`, `posts_id`, `body`, `media_file_id`, `created_at`, `updated_at`) VALUES (52, 2, 52, 'Accusamus iusto voluptatem rerum rerum. Ducimus ab dolore et nihil. Laborum recusandae velit aperiam tempore nulla.', 2, '2010-07-22 12:04:18', '1994-03-03 07:14:10');
INSERT INTO `comments` (`id`, `user_id`, `posts_id`, `body`, `media_file_id`, `created_at`, `updated_at`) VALUES (53, 3, 53, 'Officia veritatis earum aliquid. Odio libero et vel minima enim et. Illum reprehenderit quia minus modi nesciunt amet aut. Inventore et perspiciatis maxime est qui neque nihil.', 3, '2012-03-21 01:43:00', '2019-12-24 23:42:24');
INSERT INTO `comments` (`id`, `user_id`, `posts_id`, `body`, `media_file_id`, `created_at`, `updated_at`) VALUES (54, 4, 54, 'Magnam magnam et sit. Ratione aut eius facere alias. Aut vel et et a aperiam.', 4, '2012-06-01 23:32:28', '2004-05-03 12:14:12');
INSERT INTO `comments` (`id`, `user_id`, `posts_id`, `body`, `media_file_id`, `created_at`, `updated_at`) VALUES (55, 5, 55, 'Placeat possimus aspernatur at velit. Dolorum voluptatum sit nulla commodi qui dolor fugiat. Distinctio aut officiis dolor impedit. Quo ea et aliquid. Cupiditate eos in maxime libero tenetur.', 5, '1988-04-29 03:03:16', '2019-07-04 19:54:20');
INSERT INTO `comments` (`id`, `user_id`, `posts_id`, `body`, `media_file_id`, `created_at`, `updated_at`) VALUES (56, 6, 56, 'Commodi deserunt provident labore nihil est. Iure sunt a et non occaecati suscipit omnis velit. Libero exercitationem rem sit. Iste eos incidunt facere et sit.', 6, '2005-10-24 17:46:51', '1979-06-09 12:46:47');
INSERT INTO `comments` (`id`, `user_id`, `posts_id`, `body`, `media_file_id`, `created_at`, `updated_at`) VALUES (57, 7, 57, 'Quidem illum a fugit quia repellendus omnis maxime aliquid. Fugiat fuga molestiae in facere. Architecto quia modi qui.', 7, '2007-12-16 10:18:21', '2010-07-30 01:02:08');
INSERT INTO `comments` (`id`, `user_id`, `posts_id`, `body`, `media_file_id`, `created_at`, `updated_at`) VALUES (58, 8, 58, 'Sint voluptate cupiditate temporibus aut provident quidem necessitatibus architecto. Quis assumenda nemo non enim.', 8, '1983-03-06 18:19:18', '1986-04-20 10:51:56');
INSERT INTO `comments` (`id`, `user_id`, `posts_id`, `body`, `media_file_id`, `created_at`, `updated_at`) VALUES (59, 9, 59, 'Sed quo porro vero sunt harum. Enim et eius minus architecto inventore dolorem est. Asperiores voluptas sunt cumque dolorem iusto aut sequi aut. Maxime sit aut incidunt. Aut voluptates repellendus quia vero.', 9, '2008-12-04 23:13:47', '1984-08-08 23:07:26');
INSERT INTO `comments` (`id`, `user_id`, `posts_id`, `body`, `media_file_id`, `created_at`, `updated_at`) VALUES (60, 10, 60, 'Ducimus nulla vero odit ut quia deserunt. Inventore molestiae labore optio itaque porro quae. Fugiat sint eum nihil non natus velit dolores.', 10, '2014-08-22 11:43:32', '2018-03-19 10:35:40');
INSERT INTO `comments` (`id`, `user_id`, `posts_id`, `body`, `media_file_id`, `created_at`, `updated_at`) VALUES (61, 11, 61, 'Id qui aliquam est sequi perspiciatis tempore. Nulla provident quia maiores. Fuga exercitationem voluptatem deleniti iusto sit facilis asperiores.', 11, '2000-05-16 12:39:03', '2016-02-05 09:56:57');
INSERT INTO `comments` (`id`, `user_id`, `posts_id`, `body`, `media_file_id`, `created_at`, `updated_at`) VALUES (62, 12, 62, 'Non rerum necessitatibus non quibusdam. Quis et facere doloremque aut. Libero ex ipsam laudantium labore animi consequatur. Eos magni voluptatem ipsa voluptas. Non et eos itaque.', 12, '1986-03-25 14:02:00', '2017-10-25 12:53:03');
INSERT INTO `comments` (`id`, `user_id`, `posts_id`, `body`, `media_file_id`, `created_at`, `updated_at`) VALUES (63, 13, 63, 'Fuga ut ut et illo doloribus. Eum deserunt necessitatibus ipsa blanditiis velit ut omnis. Non sapiente vel eligendi voluptas.', 13, '2008-11-08 13:28:06', '2008-07-26 07:20:05');
INSERT INTO `comments` (`id`, `user_id`, `posts_id`, `body`, `media_file_id`, `created_at`, `updated_at`) VALUES (64, 14, 64, 'Possimus est necessitatibus vero enim voluptatum modi. Voluptas dolores expedita et laudantium. Necessitatibus perspiciatis dolores consequatur cupiditate amet sit assumenda. Dolorem deserunt harum sit eos dolorem iste.', 14, '2013-11-14 17:27:20', '1994-08-08 17:55:22');
INSERT INTO `comments` (`id`, `user_id`, `posts_id`, `body`, `media_file_id`, `created_at`, `updated_at`) VALUES (65, 15, 65, 'Dolorum ipsum et repellendus accusamus consequatur est rerum rerum. Repudiandae eius non consequatur velit atque. Quia qui rerum illum corrupti vel ea enim. Ullam qui dolor sit quisquam.', 15, '2006-10-23 00:55:39', '1980-11-07 00:59:35');
INSERT INTO `comments` (`id`, `user_id`, `posts_id`, `body`, `media_file_id`, `created_at`, `updated_at`) VALUES (66, 16, 66, 'Officiis praesentium blanditiis sit non. Aut ea tempora atque sit consequuntur. Quo ex fugiat dolore iure quidem.', 16, '1998-09-05 22:01:53', '2018-11-17 01:36:16');
INSERT INTO `comments` (`id`, `user_id`, `posts_id`, `body`, `media_file_id`, `created_at`, `updated_at`) VALUES (67, 17, 67, 'Iusto fuga autem modi sequi ea ut. Recusandae reprehenderit cupiditate quisquam aut eos. Distinctio a quasi mollitia est est deleniti. Ex officiis laudantium minima alias iure rerum fugit et.', 17, '2009-03-17 18:45:04', '1984-02-13 13:34:22');
INSERT INTO `comments` (`id`, `user_id`, `posts_id`, `body`, `media_file_id`, `created_at`, `updated_at`) VALUES (68, 18, 68, 'Laborum dolore illum fugit nesciunt. Excepturi aut magnam occaecati. Exercitationem iusto id voluptatum.', 18, '1971-07-30 03:35:21', '1987-04-23 09:33:35');
INSERT INTO `comments` (`id`, `user_id`, `posts_id`, `body`, `media_file_id`, `created_at`, `updated_at`) VALUES (69, 19, 69, 'Accusantium ut quaerat et iste saepe illo ut. Quasi necessitatibus maiores atque et non rerum. Fuga at tenetur quos error quia nobis. Sapiente unde itaque ut aut neque quibusdam veniam.', 19, '1971-09-25 09:23:55', '1996-09-05 14:04:12');
INSERT INTO `comments` (`id`, `user_id`, `posts_id`, `body`, `media_file_id`, `created_at`, `updated_at`) VALUES (70, 20, 70, 'Doloremque delectus aut reiciendis exercitationem repudiandae. Iste cumque quia tempore ea autem et et. Vero sint hic officiis totam.', 20, '1998-05-27 13:45:32', '1973-06-15 20:47:54');
INSERT INTO `comments` (`id`, `user_id`, `posts_id`, `body`, `media_file_id`, `created_at`, `updated_at`) VALUES (71, 21, 71, 'Exercitationem ab tenetur omnis asperiores dolor facere fugit earum. Nihil voluptatibus ipsum quibusdam placeat voluptatibus. Fugiat voluptatem dolorum amet ipsum. Ut sapiente labore dolor qui.', 21, '2000-02-19 15:46:31', '2017-09-04 21:00:25');
INSERT INTO `comments` (`id`, `user_id`, `posts_id`, `body`, `media_file_id`, `created_at`, `updated_at`) VALUES (72, 22, 72, 'Sit enim quo aut ab ut mollitia vero laudantium. Quisquam et esse assumenda dolor eos nisi. Aut natus recusandae voluptatem et repellat.', 22, '1972-07-19 12:57:04', '2008-07-24 10:14:57');
INSERT INTO `comments` (`id`, `user_id`, `posts_id`, `body`, `media_file_id`, `created_at`, `updated_at`) VALUES (73, 23, 73, 'Consectetur labore optio voluptatum. Doloremque et quod et reprehenderit porro aperiam in veniam. Et reprehenderit temporibus excepturi cupiditate in tempora libero. Excepturi sit sint eaque repellendus numquam rerum suscipit fugiat.', 23, '1992-02-14 18:48:19', '1986-01-29 09:14:18');
INSERT INTO `comments` (`id`, `user_id`, `posts_id`, `body`, `media_file_id`, `created_at`, `updated_at`) VALUES (74, 24, 74, 'Maxime tempore id a assumenda. Alias non atque voluptas. Quia asperiores quaerat voluptate accusantium doloremque provident non. Placeat deserunt et aliquam qui.', 24, '2000-07-24 05:59:15', '2014-11-01 05:14:27');
INSERT INTO `comments` (`id`, `user_id`, `posts_id`, `body`, `media_file_id`, `created_at`, `updated_at`) VALUES (75, 25, 75, 'Est provident minus laudantium est blanditiis alias voluptates. Assumenda quas reprehenderit qui.', 25, '2014-02-04 07:21:04', '1988-08-26 01:42:35');
INSERT INTO `comments` (`id`, `user_id`, `posts_id`, `body`, `media_file_id`, `created_at`, `updated_at`) VALUES (76, 26, 76, 'Impedit eum sit animi harum itaque optio et. Consequatur rem voluptas autem suscipit pariatur cupiditate. Totam aut ipsam inventore omnis labore.', 26, '2017-02-04 06:07:39', '2004-05-13 06:21:15');
INSERT INTO `comments` (`id`, `user_id`, `posts_id`, `body`, `media_file_id`, `created_at`, `updated_at`) VALUES (77, 27, 77, 'Beatae fugit vel totam expedita. Sed autem ea voluptate ad non eum officiis. Enim hic et delectus molestiae consequuntur officiis.', 27, '1975-05-31 06:51:07', '1992-10-17 13:25:22');
INSERT INTO `comments` (`id`, `user_id`, `posts_id`, `body`, `media_file_id`, `created_at`, `updated_at`) VALUES (78, 28, 78, 'Hic deleniti voluptatem amet ea. Omnis sit et non nam. Et non soluta qui voluptatem. Ut dolorem voluptatum error vero eveniet est expedita. Dicta id qui autem voluptatibus deserunt.', 28, '1997-03-01 12:05:39', '2001-01-13 01:23:13');
INSERT INTO `comments` (`id`, `user_id`, `posts_id`, `body`, `media_file_id`, `created_at`, `updated_at`) VALUES (79, 29, 79, 'Qui est ipsa molestiae temporibus repudiandae repudiandae et. Ratione eaque saepe quia error. Qui aspernatur ut quos sed.', 29, '2018-03-23 23:05:16', '1972-07-17 20:31:38');
INSERT INTO `comments` (`id`, `user_id`, `posts_id`, `body`, `media_file_id`, `created_at`, `updated_at`) VALUES (80, 30, 80, 'Molestiae perspiciatis error sed eos et quo molestias. Odit amet in distinctio aut totam quod. Iusto excepturi quaerat quas quibusdam eos consequatur animi. Consequuntur ullam aspernatur cumque omnis voluptatem commodi.', 30, '1984-12-23 06:05:49', '1990-09-04 03:16:28');
INSERT INTO `comments` (`id`, `user_id`, `posts_id`, `body`, `media_file_id`, `created_at`, `updated_at`) VALUES (81, 31, 81, 'Debitis sint non delectus id minima. Voluptate maxime dicta atque voluptatem. Vel expedita quidem praesentium ad. Vel ipsum adipisci consectetur quibusdam et.', 31, '2011-09-04 21:08:21', '2001-11-05 05:30:29');
INSERT INTO `comments` (`id`, `user_id`, `posts_id`, `body`, `media_file_id`, `created_at`, `updated_at`) VALUES (82, 32, 82, 'Dolorem itaque consequatur optio officia cupiditate et rerum. Velit ut est soluta illum. Veniam debitis soluta nesciunt quam voluptas eligendi et aspernatur.', 32, '1985-09-05 17:38:29', '1995-03-15 07:27:06');
INSERT INTO `comments` (`id`, `user_id`, `posts_id`, `body`, `media_file_id`, `created_at`, `updated_at`) VALUES (83, 33, 83, 'Placeat expedita sint tempore ut aut necessitatibus perferendis. Et magnam numquam ratione consequatur labore excepturi. Assumenda amet quo omnis tenetur.', 33, '2020-03-23 00:45:46', '2001-12-06 03:19:23');
INSERT INTO `comments` (`id`, `user_id`, `posts_id`, `body`, `media_file_id`, `created_at`, `updated_at`) VALUES (84, 34, 84, 'Tempora alias labore a molestiae. Fugiat dolor aspernatur consequatur quas veritatis ullam consectetur. Alias laudantium animi saepe sunt unde. Quo voluptatem et suscipit omnis alias et.', 34, '1975-11-18 07:29:02', '2008-10-02 02:33:25');
INSERT INTO `comments` (`id`, `user_id`, `posts_id`, `body`, `media_file_id`, `created_at`, `updated_at`) VALUES (85, 35, 85, 'Eum molestias libero nulla ut quasi atque. Quos suscipit consectetur quae impedit molestiae et. Voluptatum unde eius deserunt fugiat non voluptate et. Sapiente laudantium et qui quisquam.', 35, '1978-04-24 10:06:02', '1998-11-05 05:46:47');
INSERT INTO `comments` (`id`, `user_id`, `posts_id`, `body`, `media_file_id`, `created_at`, `updated_at`) VALUES (86, 36, 86, 'Cumque ipsum et dolor ipsa. Aut aut ratione error nemo officiis neque. Rerum dignissimos ut saepe repudiandae quisquam maiores iusto. Consequatur aut et quia ab perferendis et et sapiente.', 36, '1973-07-30 02:23:50', '1994-01-13 08:40:43');
INSERT INTO `comments` (`id`, `user_id`, `posts_id`, `body`, `media_file_id`, `created_at`, `updated_at`) VALUES (87, 37, 87, 'Facere occaecati autem voluptatum consequuntur qui pariatur animi. Eligendi ad in eveniet quae repudiandae.', 37, '2006-06-22 10:42:09', '2011-10-25 22:30:26');
INSERT INTO `comments` (`id`, `user_id`, `posts_id`, `body`, `media_file_id`, `created_at`, `updated_at`) VALUES (88, 38, 88, 'Natus commodi ea quis quae omnis quia. Totam dolorum omnis facere earum quisquam vitae rerum. Voluptate voluptatem quisquam voluptatum ratione nam nulla qui. Modi molestiae cupiditate voluptate maxime. Quod est aut quaerat expedita et.', 38, '1971-10-28 14:55:19', '1980-01-20 21:59:51');
INSERT INTO `comments` (`id`, `user_id`, `posts_id`, `body`, `media_file_id`, `created_at`, `updated_at`) VALUES (89, 39, 89, 'Sit laudantium voluptatem et aut illo. Quia aspernatur consequuntur et quasi fuga est hic. Ut cum vel reiciendis sit incidunt voluptas illum. Id facere aspernatur itaque officia.', 39, '1989-04-13 03:10:28', '2002-03-13 13:17:22');
INSERT INTO `comments` (`id`, `user_id`, `posts_id`, `body`, `media_file_id`, `created_at`, `updated_at`) VALUES (90, 40, 90, 'Incidunt omnis tempore culpa ullam veniam. Autem quam nulla possimus ipsam. Debitis quaerat quam culpa deserunt sint facilis.', 40, '2009-06-24 09:05:51', '1985-08-26 12:52:35');
INSERT INTO `comments` (`id`, `user_id`, `posts_id`, `body`, `media_file_id`, `created_at`, `updated_at`) VALUES (91, 41, 91, 'Qui sed animi consequatur dolor dignissimos. Aperiam quia ut libero ea quibusdam necessitatibus dolore. Fuga nostrum cupiditate tempore nemo et exercitationem quo.', 41, '2014-07-11 22:37:31', '1997-12-08 16:29:43');
INSERT INTO `comments` (`id`, `user_id`, `posts_id`, `body`, `media_file_id`, `created_at`, `updated_at`) VALUES (92, 42, 92, 'Accusamus voluptatem ut magnam ab. Et vel non quis quisquam fugit inventore asperiores. Aut qui quibusdam quas omnis tempora voluptatem.', 42, '2003-11-15 15:59:58', '1978-11-06 22:20:17');
INSERT INTO `comments` (`id`, `user_id`, `posts_id`, `body`, `media_file_id`, `created_at`, `updated_at`) VALUES (93, 43, 93, 'Velit enim corporis et eaque tempora. Deleniti iusto accusantium similique. Dolorum debitis tempora sint nesciunt. Incidunt quia minus optio quas.', 43, '1996-05-10 09:17:23', '1984-04-04 08:15:51');
INSERT INTO `comments` (`id`, `user_id`, `posts_id`, `body`, `media_file_id`, `created_at`, `updated_at`) VALUES (94, 44, 94, 'Amet qui inventore harum soluta dolor sunt aut. Non quasi sunt quibusdam. Est dolor rerum illo magnam aliquid.', 44, '2007-08-28 03:05:58', '1988-10-19 11:50:46');
INSERT INTO `comments` (`id`, `user_id`, `posts_id`, `body`, `media_file_id`, `created_at`, `updated_at`) VALUES (95, 45, 95, 'Doloribus assumenda molestiae nam. Dolores quidem quisquam qui cum. Vel voluptatem consequuntur voluptatum quam ea iste.', 45, '2010-11-10 12:06:09', '1976-04-02 07:01:06');
INSERT INTO `comments` (`id`, `user_id`, `posts_id`, `body`, `media_file_id`, `created_at`, `updated_at`) VALUES (96, 46, 96, 'Nulla inventore harum est nesciunt quia sed. Cum velit et repellendus ab neque ratione. Nam dolor itaque dignissimos.', 46, '2019-04-15 04:12:40', '1995-10-07 21:23:18');
INSERT INTO `comments` (`id`, `user_id`, `posts_id`, `body`, `media_file_id`, `created_at`, `updated_at`) VALUES (97, 47, 97, 'Perspiciatis assumenda quisquam eum laudantium ex ut. Enim possimus illo nemo maiores quaerat. Error quos expedita quibusdam ducimus eius vel vitae. Facere assumenda fugit excepturi ad.', 47, '1973-08-31 11:20:24', '2007-06-11 05:57:01');
INSERT INTO `comments` (`id`, `user_id`, `posts_id`, `body`, `media_file_id`, `created_at`, `updated_at`) VALUES (98, 48, 98, 'Qui magni consequatur totam. Est facilis ad et neque impedit. Consequuntur consequatur laborum et modi et quia dolor. Amet sint eius enim dolor ut quas adipisci nulla.', 48, '1985-03-06 09:46:35', '2012-02-12 03:43:43');
INSERT INTO `comments` (`id`, `user_id`, `posts_id`, `body`, `media_file_id`, `created_at`, `updated_at`) VALUES (99, 49, 99, 'Dolore omnis corrupti inventore excepturi natus rem a voluptatum. Qui voluptatem quidem quam nulla. Assumenda dicta necessitatibus voluptas rem.', 49, '1978-04-02 05:33:52', '1992-07-10 20:11:24');
INSERT INTO `comments` (`id`, `user_id`, `posts_id`, `body`, `media_file_id`, `created_at`, `updated_at`) VALUES (100, 50, 100, 'Est odio ad ex exercitationem et aut unde. Debitis et dicta consectetur iste. Voluptatem consequatur et ut enim ut saepe consequuntur nulla.', 50, '1986-01-02 03:42:47', '1975-10-22 16:32:24');


#
# TABLE STRUCTURE FOR: favorites
#

DROP TABLE IF EXISTS `favorites`;

CREATE TABLE `favorites` (
  `id` int(10) unsigned NOT NULL AUTO_INCREMENT COMMENT 'Идентификатор строки',
  `user_id` int(10) unsigned NOT NULL COMMENT 'Ссылка на отправителя сообщения',
  `messages_id` int(10) unsigned DEFAULT NULL COMMENT 'Медиа файл',
  `created_at` datetime DEFAULT current_timestamp() COMMENT 'Время создания строки',
  PRIMARY KEY (`id`)
) ENGINE=InnoDB AUTO_INCREMENT=201 DEFAULT CHARSET=utf8 COLLATE=utf8_unicode_ci COMMENT='Сообщения';

INSERT INTO `favorites` (`id`, `user_id`, `messages_id`, `created_at`) VALUES (101, 1, 101, '2007-06-24 23:12:25');
INSERT INTO `favorites` (`id`, `user_id`, `messages_id`, `created_at`) VALUES (102, 2, 102, '1983-12-31 16:27:11');
INSERT INTO `favorites` (`id`, `user_id`, `messages_id`, `created_at`) VALUES (103, 3, 103, '1991-06-25 16:20:43');
INSERT INTO `favorites` (`id`, `user_id`, `messages_id`, `created_at`) VALUES (104, 4, 104, '2001-04-06 07:38:58');
INSERT INTO `favorites` (`id`, `user_id`, `messages_id`, `created_at`) VALUES (105, 5, 105, '2010-10-28 12:42:39');
INSERT INTO `favorites` (`id`, `user_id`, `messages_id`, `created_at`) VALUES (106, 6, 106, '1994-08-15 03:37:59');
INSERT INTO `favorites` (`id`, `user_id`, `messages_id`, `created_at`) VALUES (107, 7, 107, '1994-10-14 20:55:07');
INSERT INTO `favorites` (`id`, `user_id`, `messages_id`, `created_at`) VALUES (108, 8, 108, '2000-01-01 12:52:53');
INSERT INTO `favorites` (`id`, `user_id`, `messages_id`, `created_at`) VALUES (109, 9, 109, '2019-08-02 20:29:29');
INSERT INTO `favorites` (`id`, `user_id`, `messages_id`, `created_at`) VALUES (110, 10, 110, '1990-01-16 20:39:59');
INSERT INTO `favorites` (`id`, `user_id`, `messages_id`, `created_at`) VALUES (111, 11, 111, '2018-03-01 22:28:09');
INSERT INTO `favorites` (`id`, `user_id`, `messages_id`, `created_at`) VALUES (112, 12, 112, '2010-12-21 14:26:33');
INSERT INTO `favorites` (`id`, `user_id`, `messages_id`, `created_at`) VALUES (113, 13, 113, '1973-05-19 04:13:37');
INSERT INTO `favorites` (`id`, `user_id`, `messages_id`, `created_at`) VALUES (114, 14, 114, '1983-02-06 13:49:09');
INSERT INTO `favorites` (`id`, `user_id`, `messages_id`, `created_at`) VALUES (115, 15, 115, '2019-10-10 03:54:08');
INSERT INTO `favorites` (`id`, `user_id`, `messages_id`, `created_at`) VALUES (116, 16, 116, '1972-05-12 11:42:39');
INSERT INTO `favorites` (`id`, `user_id`, `messages_id`, `created_at`) VALUES (117, 17, 117, '2000-12-23 00:03:27');
INSERT INTO `favorites` (`id`, `user_id`, `messages_id`, `created_at`) VALUES (118, 18, 118, '2014-07-10 22:13:31');
INSERT INTO `favorites` (`id`, `user_id`, `messages_id`, `created_at`) VALUES (119, 19, 119, '1993-05-13 03:37:57');
INSERT INTO `favorites` (`id`, `user_id`, `messages_id`, `created_at`) VALUES (120, 20, 120, '2005-06-25 14:17:31');
INSERT INTO `favorites` (`id`, `user_id`, `messages_id`, `created_at`) VALUES (121, 21, 121, '1997-10-07 08:07:27');
INSERT INTO `favorites` (`id`, `user_id`, `messages_id`, `created_at`) VALUES (122, 22, 122, '2005-10-31 04:24:40');
INSERT INTO `favorites` (`id`, `user_id`, `messages_id`, `created_at`) VALUES (123, 23, 123, '1996-11-22 03:20:25');
INSERT INTO `favorites` (`id`, `user_id`, `messages_id`, `created_at`) VALUES (124, 24, 124, '2020-02-22 17:48:37');
INSERT INTO `favorites` (`id`, `user_id`, `messages_id`, `created_at`) VALUES (125, 25, 125, '1985-10-24 23:33:05');
INSERT INTO `favorites` (`id`, `user_id`, `messages_id`, `created_at`) VALUES (126, 26, 126, '1979-03-13 05:24:27');
INSERT INTO `favorites` (`id`, `user_id`, `messages_id`, `created_at`) VALUES (127, 27, 127, '2001-10-15 10:14:22');
INSERT INTO `favorites` (`id`, `user_id`, `messages_id`, `created_at`) VALUES (128, 28, 128, '2019-02-05 18:24:39');
INSERT INTO `favorites` (`id`, `user_id`, `messages_id`, `created_at`) VALUES (129, 29, 129, '1990-08-29 16:40:41');
INSERT INTO `favorites` (`id`, `user_id`, `messages_id`, `created_at`) VALUES (130, 30, 130, '2014-11-06 17:02:11');
INSERT INTO `favorites` (`id`, `user_id`, `messages_id`, `created_at`) VALUES (131, 31, 131, '2020-04-05 17:16:51');
INSERT INTO `favorites` (`id`, `user_id`, `messages_id`, `created_at`) VALUES (132, 32, 132, '1989-02-22 22:09:47');
INSERT INTO `favorites` (`id`, `user_id`, `messages_id`, `created_at`) VALUES (133, 33, 133, '1986-06-15 01:36:34');
INSERT INTO `favorites` (`id`, `user_id`, `messages_id`, `created_at`) VALUES (134, 34, 134, '2016-04-14 18:48:24');
INSERT INTO `favorites` (`id`, `user_id`, `messages_id`, `created_at`) VALUES (135, 35, 135, '1986-07-31 03:39:59');
INSERT INTO `favorites` (`id`, `user_id`, `messages_id`, `created_at`) VALUES (136, 36, 136, '1997-06-12 07:29:55');
INSERT INTO `favorites` (`id`, `user_id`, `messages_id`, `created_at`) VALUES (137, 37, 137, '2009-01-15 13:24:18');
INSERT INTO `favorites` (`id`, `user_id`, `messages_id`, `created_at`) VALUES (138, 38, 138, '1991-07-03 22:33:58');
INSERT INTO `favorites` (`id`, `user_id`, `messages_id`, `created_at`) VALUES (139, 39, 139, '1978-06-03 03:04:14');
INSERT INTO `favorites` (`id`, `user_id`, `messages_id`, `created_at`) VALUES (140, 40, 140, '1997-03-31 06:39:15');
INSERT INTO `favorites` (`id`, `user_id`, `messages_id`, `created_at`) VALUES (141, 41, 141, '1990-11-03 04:59:22');
INSERT INTO `favorites` (`id`, `user_id`, `messages_id`, `created_at`) VALUES (142, 42, 142, '1975-03-05 23:04:51');
INSERT INTO `favorites` (`id`, `user_id`, `messages_id`, `created_at`) VALUES (143, 43, 143, '1985-06-13 18:58:32');
INSERT INTO `favorites` (`id`, `user_id`, `messages_id`, `created_at`) VALUES (144, 44, 144, '1970-11-29 18:04:33');
INSERT INTO `favorites` (`id`, `user_id`, `messages_id`, `created_at`) VALUES (145, 45, 145, '1971-01-28 21:25:40');
INSERT INTO `favorites` (`id`, `user_id`, `messages_id`, `created_at`) VALUES (146, 46, 146, '2003-05-22 07:14:43');
INSERT INTO `favorites` (`id`, `user_id`, `messages_id`, `created_at`) VALUES (147, 47, 147, '1989-11-08 12:13:13');
INSERT INTO `favorites` (`id`, `user_id`, `messages_id`, `created_at`) VALUES (148, 48, 148, '2009-08-14 04:25:55');
INSERT INTO `favorites` (`id`, `user_id`, `messages_id`, `created_at`) VALUES (149, 49, 149, '1981-10-25 15:47:40');
INSERT INTO `favorites` (`id`, `user_id`, `messages_id`, `created_at`) VALUES (150, 50, 150, '2017-06-30 03:25:20');
INSERT INTO `favorites` (`id`, `user_id`, `messages_id`, `created_at`) VALUES (151, 1, 151, '2004-06-11 16:40:54');
INSERT INTO `favorites` (`id`, `user_id`, `messages_id`, `created_at`) VALUES (152, 2, 152, '2014-02-19 12:13:19');
INSERT INTO `favorites` (`id`, `user_id`, `messages_id`, `created_at`) VALUES (153, 3, 153, '1978-07-29 22:30:20');
INSERT INTO `favorites` (`id`, `user_id`, `messages_id`, `created_at`) VALUES (154, 4, 154, '1999-04-28 05:16:16');
INSERT INTO `favorites` (`id`, `user_id`, `messages_id`, `created_at`) VALUES (155, 5, 155, '1999-06-21 02:53:02');
INSERT INTO `favorites` (`id`, `user_id`, `messages_id`, `created_at`) VALUES (156, 6, 156, '1991-11-23 20:58:02');
INSERT INTO `favorites` (`id`, `user_id`, `messages_id`, `created_at`) VALUES (157, 7, 157, '1989-08-24 01:10:44');
INSERT INTO `favorites` (`id`, `user_id`, `messages_id`, `created_at`) VALUES (158, 8, 158, '1994-09-03 16:31:01');
INSERT INTO `favorites` (`id`, `user_id`, `messages_id`, `created_at`) VALUES (159, 9, 159, '2009-10-06 19:05:29');
INSERT INTO `favorites` (`id`, `user_id`, `messages_id`, `created_at`) VALUES (160, 10, 160, '1977-10-12 15:56:48');
INSERT INTO `favorites` (`id`, `user_id`, `messages_id`, `created_at`) VALUES (161, 11, 161, '2015-09-20 04:34:13');
INSERT INTO `favorites` (`id`, `user_id`, `messages_id`, `created_at`) VALUES (162, 12, 162, '1976-10-10 03:16:15');
INSERT INTO `favorites` (`id`, `user_id`, `messages_id`, `created_at`) VALUES (163, 13, 163, '2004-06-29 19:18:41');
INSERT INTO `favorites` (`id`, `user_id`, `messages_id`, `created_at`) VALUES (164, 14, 164, '2015-06-14 00:19:51');
INSERT INTO `favorites` (`id`, `user_id`, `messages_id`, `created_at`) VALUES (165, 15, 165, '2014-02-08 02:50:51');
INSERT INTO `favorites` (`id`, `user_id`, `messages_id`, `created_at`) VALUES (166, 16, 166, '1981-09-29 06:42:23');
INSERT INTO `favorites` (`id`, `user_id`, `messages_id`, `created_at`) VALUES (167, 17, 167, '2002-05-13 00:57:10');
INSERT INTO `favorites` (`id`, `user_id`, `messages_id`, `created_at`) VALUES (168, 18, 168, '1976-04-22 18:58:45');
INSERT INTO `favorites` (`id`, `user_id`, `messages_id`, `created_at`) VALUES (169, 19, 169, '2020-10-22 09:17:45');
INSERT INTO `favorites` (`id`, `user_id`, `messages_id`, `created_at`) VALUES (170, 20, 170, '1987-10-23 00:48:29');
INSERT INTO `favorites` (`id`, `user_id`, `messages_id`, `created_at`) VALUES (171, 21, 171, '1974-09-27 01:45:44');
INSERT INTO `favorites` (`id`, `user_id`, `messages_id`, `created_at`) VALUES (172, 22, 172, '1978-08-16 12:11:33');
INSERT INTO `favorites` (`id`, `user_id`, `messages_id`, `created_at`) VALUES (173, 23, 173, '2016-12-02 00:51:54');
INSERT INTO `favorites` (`id`, `user_id`, `messages_id`, `created_at`) VALUES (174, 24, 174, '1972-08-18 01:32:48');
INSERT INTO `favorites` (`id`, `user_id`, `messages_id`, `created_at`) VALUES (175, 25, 175, '1979-08-01 00:15:24');
INSERT INTO `favorites` (`id`, `user_id`, `messages_id`, `created_at`) VALUES (176, 26, 176, '1991-10-19 15:46:07');
INSERT INTO `favorites` (`id`, `user_id`, `messages_id`, `created_at`) VALUES (177, 27, 177, '2017-02-01 19:57:44');
INSERT INTO `favorites` (`id`, `user_id`, `messages_id`, `created_at`) VALUES (178, 28, 178, '2003-03-03 09:11:47');
INSERT INTO `favorites` (`id`, `user_id`, `messages_id`, `created_at`) VALUES (179, 29, 179, '1972-06-03 11:32:10');
INSERT INTO `favorites` (`id`, `user_id`, `messages_id`, `created_at`) VALUES (180, 30, 180, '2007-11-05 21:40:02');
INSERT INTO `favorites` (`id`, `user_id`, `messages_id`, `created_at`) VALUES (181, 31, 181, '1976-12-11 00:23:46');
INSERT INTO `favorites` (`id`, `user_id`, `messages_id`, `created_at`) VALUES (182, 32, 182, '2008-06-05 07:51:32');
INSERT INTO `favorites` (`id`, `user_id`, `messages_id`, `created_at`) VALUES (183, 33, 183, '2013-12-30 11:10:18');
INSERT INTO `favorites` (`id`, `user_id`, `messages_id`, `created_at`) VALUES (184, 34, 184, '1999-07-01 08:29:16');
INSERT INTO `favorites` (`id`, `user_id`, `messages_id`, `created_at`) VALUES (185, 35, 185, '1983-12-31 02:23:41');
INSERT INTO `favorites` (`id`, `user_id`, `messages_id`, `created_at`) VALUES (186, 36, 186, '2017-09-26 07:17:17');
INSERT INTO `favorites` (`id`, `user_id`, `messages_id`, `created_at`) VALUES (187, 37, 187, '1980-06-13 01:45:17');
INSERT INTO `favorites` (`id`, `user_id`, `messages_id`, `created_at`) VALUES (188, 38, 188, '1971-03-15 06:42:29');
INSERT INTO `favorites` (`id`, `user_id`, `messages_id`, `created_at`) VALUES (189, 39, 189, '2018-10-03 22:28:45');
INSERT INTO `favorites` (`id`, `user_id`, `messages_id`, `created_at`) VALUES (190, 40, 190, '1997-09-16 16:02:22');
INSERT INTO `favorites` (`id`, `user_id`, `messages_id`, `created_at`) VALUES (191, 41, 191, '2005-10-08 01:05:22');
INSERT INTO `favorites` (`id`, `user_id`, `messages_id`, `created_at`) VALUES (192, 42, 192, '1992-10-09 09:22:05');
INSERT INTO `favorites` (`id`, `user_id`, `messages_id`, `created_at`) VALUES (193, 43, 193, '2009-04-19 10:50:56');
INSERT INTO `favorites` (`id`, `user_id`, `messages_id`, `created_at`) VALUES (194, 44, 194, '1995-11-29 13:42:07');
INSERT INTO `favorites` (`id`, `user_id`, `messages_id`, `created_at`) VALUES (195, 45, 195, '2009-02-06 22:48:19');
INSERT INTO `favorites` (`id`, `user_id`, `messages_id`, `created_at`) VALUES (196, 46, 196, '1979-01-13 22:25:56');
INSERT INTO `favorites` (`id`, `user_id`, `messages_id`, `created_at`) VALUES (197, 47, 197, '2001-04-19 12:20:49');
INSERT INTO `favorites` (`id`, `user_id`, `messages_id`, `created_at`) VALUES (198, 48, 198, '1993-03-06 17:12:32');
INSERT INTO `favorites` (`id`, `user_id`, `messages_id`, `created_at`) VALUES (199, 49, 199, '2013-04-01 01:55:38');
INSERT INTO `favorites` (`id`, `user_id`, `messages_id`, `created_at`) VALUES (200, 50, 200, '1985-02-20 15:33:43');


#
# TABLE STRUCTURE FOR: groupss
#

DROP TABLE IF EXISTS `groupss`;

CREATE TABLE `groupss` (
  `id` int(10) unsigned NOT NULL AUTO_INCREMENT COMMENT 'Идентификатор строки',
  `user_id` int(10) unsigned NOT NULL COMMENT 'Идентификатор пользователя',
  `group_name` varchar(100) COLLATE utf8_unicode_ci DEFAULT NULL COMMENT 'Имя группы',
  `messages_group_id` int(10) unsigned NOT NULL COMMENT 'сообщение в группе',
  `link_group` varchar(100) COLLATE utf8_unicode_ci NOT NULL COMMENT 'Линк',
  `created_at` datetime DEFAULT current_timestamp() COMMENT 'Время создания строки',
  `updated_at` datetime DEFAULT current_timestamp() ON UPDATE current_timestamp() COMMENT 'Время обновления строки',
  PRIMARY KEY (`id`),
  UNIQUE KEY `link_group` (`link_group`)
) ENGINE=InnoDB AUTO_INCREMENT=51 DEFAULT CHARSET=utf8 COLLATE=utf8_unicode_ci;

INSERT INTO `groupss` (`id`, `user_id`, `group_name`, `messages_group_id`, `link_group`, `created_at`, `updated_at`) VALUES (1, 1, 'dolores', 1, 'http://legros.info/', '1972-01-12 17:14:05', '1973-08-13 08:44:27');
INSERT INTO `groupss` (`id`, `user_id`, `group_name`, `messages_group_id`, `link_group`, `created_at`, `updated_at`) VALUES (2, 2, 'veniam', 2, 'http://www.runolfsson.net/', '1986-06-14 07:27:19', '1973-09-08 20:26:16');
INSERT INTO `groupss` (`id`, `user_id`, `group_name`, `messages_group_id`, `link_group`, `created_at`, `updated_at`) VALUES (3, 3, 'in', 3, 'http://harvey.biz/', '1983-08-21 05:26:13', '1970-05-29 05:25:10');
INSERT INTO `groupss` (`id`, `user_id`, `group_name`, `messages_group_id`, `link_group`, `created_at`, `updated_at`) VALUES (4, 4, 'veritatis', 4, 'http://spencer.com/', '1995-10-05 15:43:48', '1981-09-22 20:31:02');
INSERT INTO `groupss` (`id`, `user_id`, `group_name`, `messages_group_id`, `link_group`, `created_at`, `updated_at`) VALUES (5, 5, 'sit', 5, 'http://grahamhartmann.net/', '1976-01-19 16:19:18', '1998-08-31 20:54:50');
INSERT INTO `groupss` (`id`, `user_id`, `group_name`, `messages_group_id`, `link_group`, `created_at`, `updated_at`) VALUES (6, 6, 'inventore', 6, 'http://www.turcottekihn.org/', '2017-07-27 01:07:42', '1971-11-24 18:59:56');
INSERT INTO `groupss` (`id`, `user_id`, `group_name`, `messages_group_id`, `link_group`, `created_at`, `updated_at`) VALUES (7, 7, 'aut', 7, 'http://www.mueller.com/', '2005-08-04 23:17:06', '2010-09-15 16:06:14');
INSERT INTO `groupss` (`id`, `user_id`, `group_name`, `messages_group_id`, `link_group`, `created_at`, `updated_at`) VALUES (8, 8, 'omnis', 8, 'http://www.walker.biz/', '2015-08-28 09:29:04', '1979-10-23 13:37:25');
INSERT INTO `groupss` (`id`, `user_id`, `group_name`, `messages_group_id`, `link_group`, `created_at`, `updated_at`) VALUES (9, 9, 'dolores', 9, 'http://www.harveyfriesen.com/', '2018-01-28 14:08:49', '1998-07-10 17:42:11');
INSERT INTO `groupss` (`id`, `user_id`, `group_name`, `messages_group_id`, `link_group`, `created_at`, `updated_at`) VALUES (10, 10, 'cupiditate', 10, 'http://www.klein.net/', '2009-10-23 22:10:17', '1982-01-24 01:19:56');
INSERT INTO `groupss` (`id`, `user_id`, `group_name`, `messages_group_id`, `link_group`, `created_at`, `updated_at`) VALUES (11, 11, 'beatae', 11, 'http://schulistschiller.biz/', '2007-08-07 16:20:45', '2017-06-12 04:35:48');
INSERT INTO `groupss` (`id`, `user_id`, `group_name`, `messages_group_id`, `link_group`, `created_at`, `updated_at`) VALUES (12, 12, 'et', 12, 'http://bartellfadel.com/', '1970-10-26 17:15:41', '1975-09-27 14:50:00');
INSERT INTO `groupss` (`id`, `user_id`, `group_name`, `messages_group_id`, `link_group`, `created_at`, `updated_at`) VALUES (13, 13, 'officiis', 13, 'http://durganhowe.info/', '1974-12-27 20:35:53', '2007-03-03 02:21:54');
INSERT INTO `groupss` (`id`, `user_id`, `group_name`, `messages_group_id`, `link_group`, `created_at`, `updated_at`) VALUES (14, 14, 'consequatur', 14, 'http://www.waters.com/', '1978-10-08 00:40:23', '2018-06-14 22:36:50');
INSERT INTO `groupss` (`id`, `user_id`, `group_name`, `messages_group_id`, `link_group`, `created_at`, `updated_at`) VALUES (15, 15, 'doloribus', 15, 'http://www.leffler.info/', '1991-02-05 13:29:30', '1995-10-23 05:16:47');
INSERT INTO `groupss` (`id`, `user_id`, `group_name`, `messages_group_id`, `link_group`, `created_at`, `updated_at`) VALUES (16, 16, 'aliquam', 16, 'http://www.gibsonhand.com/', '1985-08-21 11:21:41', '2018-03-08 10:02:23');
INSERT INTO `groupss` (`id`, `user_id`, `group_name`, `messages_group_id`, `link_group`, `created_at`, `updated_at`) VALUES (17, 17, 'ad', 17, 'http://hintz.biz/', '1980-10-14 15:11:53', '1992-03-17 10:43:03');
INSERT INTO `groupss` (`id`, `user_id`, `group_name`, `messages_group_id`, `link_group`, `created_at`, `updated_at`) VALUES (18, 18, 'sint', 18, 'http://herzog.com/', '1973-10-11 02:32:48', '1976-08-08 18:13:13');
INSERT INTO `groupss` (`id`, `user_id`, `group_name`, `messages_group_id`, `link_group`, `created_at`, `updated_at`) VALUES (19, 19, 'laborum', 19, 'http://www.whiteheller.com/', '1981-07-22 01:39:11', '2001-09-08 02:46:16');
INSERT INTO `groupss` (`id`, `user_id`, `group_name`, `messages_group_id`, `link_group`, `created_at`, `updated_at`) VALUES (20, 20, 'nam', 20, 'http://www.senger.biz/', '2013-12-18 14:55:51', '2004-09-16 07:08:46');
INSERT INTO `groupss` (`id`, `user_id`, `group_name`, `messages_group_id`, `link_group`, `created_at`, `updated_at`) VALUES (21, 21, 'ea', 21, 'http://rath.info/', '2017-10-07 14:02:31', '1978-12-28 05:47:55');
INSERT INTO `groupss` (`id`, `user_id`, `group_name`, `messages_group_id`, `link_group`, `created_at`, `updated_at`) VALUES (22, 22, 'iste', 22, 'http://gleichnerschulist.com/', '1985-02-01 06:35:37', '2012-06-22 16:21:23');
INSERT INTO `groupss` (`id`, `user_id`, `group_name`, `messages_group_id`, `link_group`, `created_at`, `updated_at`) VALUES (23, 23, 'qui', 23, 'http://www.mckenzie.info/', '1985-03-02 12:28:37', '1980-04-24 06:10:42');
INSERT INTO `groupss` (`id`, `user_id`, `group_name`, `messages_group_id`, `link_group`, `created_at`, `updated_at`) VALUES (24, 24, 'repellat', 24, 'http://www.hayes.com/', '1974-06-20 00:11:11', '1991-09-28 08:33:00');
INSERT INTO `groupss` (`id`, `user_id`, `group_name`, `messages_group_id`, `link_group`, `created_at`, `updated_at`) VALUES (25, 25, 'unde', 25, 'http://rice.org/', '1975-10-23 06:57:57', '1990-02-15 14:06:00');
INSERT INTO `groupss` (`id`, `user_id`, `group_name`, `messages_group_id`, `link_group`, `created_at`, `updated_at`) VALUES (26, 26, 'suscipit', 26, 'http://maggio.com/', '2020-09-25 19:50:13', '2007-04-20 13:55:25');
INSERT INTO `groupss` (`id`, `user_id`, `group_name`, `messages_group_id`, `link_group`, `created_at`, `updated_at`) VALUES (27, 27, 'neque', 27, 'http://gerhold.com/', '1998-03-29 16:22:24', '2009-11-30 20:08:34');
INSERT INTO `groupss` (`id`, `user_id`, `group_name`, `messages_group_id`, `link_group`, `created_at`, `updated_at`) VALUES (28, 28, 'in', 28, 'http://www.abshire.net/', '1981-03-29 13:29:27', '1977-10-15 05:22:46');
INSERT INTO `groupss` (`id`, `user_id`, `group_name`, `messages_group_id`, `link_group`, `created_at`, `updated_at`) VALUES (29, 29, 'error', 29, 'http://www.daughertywatsica.com/', '1972-07-06 21:38:23', '1980-03-13 07:20:08');
INSERT INTO `groupss` (`id`, `user_id`, `group_name`, `messages_group_id`, `link_group`, `created_at`, `updated_at`) VALUES (30, 30, 'facilis', 30, 'http://www.kiehn.info/', '2015-03-02 22:26:10', '1986-06-19 10:06:11');
INSERT INTO `groupss` (`id`, `user_id`, `group_name`, `messages_group_id`, `link_group`, `created_at`, `updated_at`) VALUES (31, 31, 'ut', 31, 'http://www.williamson.org/', '1975-02-27 00:59:31', '2019-02-15 08:20:06');
INSERT INTO `groupss` (`id`, `user_id`, `group_name`, `messages_group_id`, `link_group`, `created_at`, `updated_at`) VALUES (32, 32, 'sed', 32, 'http://howellpurdy.com/', '2018-08-26 04:52:55', '1975-12-07 09:12:52');
INSERT INTO `groupss` (`id`, `user_id`, `group_name`, `messages_group_id`, `link_group`, `created_at`, `updated_at`) VALUES (33, 33, 'omnis', 33, 'http://nienow.info/', '2003-05-05 16:44:11', '1991-12-24 11:31:55');
INSERT INTO `groupss` (`id`, `user_id`, `group_name`, `messages_group_id`, `link_group`, `created_at`, `updated_at`) VALUES (34, 34, 'impedit', 34, 'http://nicolas.com/', '1993-06-16 03:35:28', '1997-09-25 00:06:59');
INSERT INTO `groupss` (`id`, `user_id`, `group_name`, `messages_group_id`, `link_group`, `created_at`, `updated_at`) VALUES (35, 35, 'maiores', 35, 'http://www.gaylordromaguera.com/', '2004-03-28 15:33:48', '1991-01-07 02:00:27');
INSERT INTO `groupss` (`id`, `user_id`, `group_name`, `messages_group_id`, `link_group`, `created_at`, `updated_at`) VALUES (36, 36, 'delectus', 36, 'http://zulauf.com/', '2011-08-30 07:20:36', '1992-10-06 08:54:17');
INSERT INTO `groupss` (`id`, `user_id`, `group_name`, `messages_group_id`, `link_group`, `created_at`, `updated_at`) VALUES (37, 37, 'neque', 37, 'http://www.runolfsdottirkunze.info/', '2007-05-30 00:26:24', '2012-08-02 01:38:40');
INSERT INTO `groupss` (`id`, `user_id`, `group_name`, `messages_group_id`, `link_group`, `created_at`, `updated_at`) VALUES (38, 38, 'iste', 38, 'http://www.kreiger.com/', '1990-08-09 10:17:11', '2011-10-15 17:32:24');
INSERT INTO `groupss` (`id`, `user_id`, `group_name`, `messages_group_id`, `link_group`, `created_at`, `updated_at`) VALUES (39, 39, 'sapiente', 39, 'http://www.raynor.com/', '2000-01-30 18:39:17', '2008-11-07 17:46:21');
INSERT INTO `groupss` (`id`, `user_id`, `group_name`, `messages_group_id`, `link_group`, `created_at`, `updated_at`) VALUES (40, 40, 'voluptas', 40, 'http://www.wolff.com/', '1988-05-20 10:38:51', '1975-09-29 19:04:30');
INSERT INTO `groupss` (`id`, `user_id`, `group_name`, `messages_group_id`, `link_group`, `created_at`, `updated_at`) VALUES (41, 41, 'dicta', 41, 'http://www.luettgen.info/', '1975-03-25 09:38:31', '2013-04-03 21:42:59');
INSERT INTO `groupss` (`id`, `user_id`, `group_name`, `messages_group_id`, `link_group`, `created_at`, `updated_at`) VALUES (42, 42, 'asperiores', 42, 'http://www.ankunding.com/', '1978-05-24 13:36:40', '2012-03-08 15:59:57');
INSERT INTO `groupss` (`id`, `user_id`, `group_name`, `messages_group_id`, `link_group`, `created_at`, `updated_at`) VALUES (43, 43, 'aut', 43, 'http://watsica.org/', '1989-07-07 03:47:30', '1970-10-04 06:00:47');
INSERT INTO `groupss` (`id`, `user_id`, `group_name`, `messages_group_id`, `link_group`, `created_at`, `updated_at`) VALUES (44, 44, 'nihil', 44, 'http://streich.com/', '1996-06-22 11:10:42', '2017-01-21 22:34:48');
INSERT INTO `groupss` (`id`, `user_id`, `group_name`, `messages_group_id`, `link_group`, `created_at`, `updated_at`) VALUES (45, 45, 'rerum', 45, 'http://www.bogan.org/', '1987-02-02 07:18:08', '1974-05-29 07:10:53');
INSERT INTO `groupss` (`id`, `user_id`, `group_name`, `messages_group_id`, `link_group`, `created_at`, `updated_at`) VALUES (46, 46, 'debitis', 46, 'http://www.pfeffersporer.com/', '1983-11-25 22:21:43', '2018-08-20 05:16:00');
INSERT INTO `groupss` (`id`, `user_id`, `group_name`, `messages_group_id`, `link_group`, `created_at`, `updated_at`) VALUES (47, 47, 'quis', 47, 'http://funk.com/', '1984-02-22 06:34:38', '2008-02-13 18:23:10');
INSERT INTO `groupss` (`id`, `user_id`, `group_name`, `messages_group_id`, `link_group`, `created_at`, `updated_at`) VALUES (48, 48, 'est', 48, 'http://hoeger.com/', '2017-03-15 22:48:06', '2019-08-10 12:04:46');
INSERT INTO `groupss` (`id`, `user_id`, `group_name`, `messages_group_id`, `link_group`, `created_at`, `updated_at`) VALUES (49, 49, 'et', 49, 'http://www.paucek.com/', '1995-09-29 13:56:42', '1976-10-20 01:26:04');
INSERT INTO `groupss` (`id`, `user_id`, `group_name`, `messages_group_id`, `link_group`, `created_at`, `updated_at`) VALUES (50, 50, 'facere', 50, 'http://www.moorehoeger.org/', '2009-03-18 16:20:07', '1977-12-12 10:45:02');


#
# TABLE STRUCTURE FOR: media_file
#

DROP TABLE IF EXISTS `media_file`;

CREATE TABLE `media_file` (
  `id` int(10) unsigned NOT NULL AUTO_INCREMENT COMMENT 'Идентификатор строки',
  `user_id` int(10) unsigned NOT NULL COMMENT 'Ссылка на пользователя, который загрузил файл',
  `filename` varchar(255) COLLATE utf8_unicode_ci NOT NULL COMMENT 'Путь к файлу',
  `size` int(11) NOT NULL COMMENT 'Размер файла',
  `metadata` longtext CHARACTER SET utf8mb4 COLLATE utf8mb4_bin DEFAULT NULL COMMENT 'Метаданные файла' CHECK (json_valid(`metadata`)),
  `media_type_id` int(10) unsigned NOT NULL COMMENT 'Ссылка на тип контента',
  `created_at` datetime DEFAULT current_timestamp() COMMENT 'Время создания строки',
  `updated_at` datetime DEFAULT current_timestamp() ON UPDATE current_timestamp() COMMENT 'Время обновления строки',
  PRIMARY KEY (`id`)
) ENGINE=InnoDB AUTO_INCREMENT=51 DEFAULT CHARSET=utf8 COLLATE=utf8_unicode_ci;

INSERT INTO `media_file` (`id`, `user_id`, `filename`, `size`, `metadata`, `media_type_id`, `created_at`, `updated_at`) VALUES (1, 1, 'alias', 69969780, '9', 101, '2016-01-06 01:13:27', '1973-06-03 07:26:31');
INSERT INTO `media_file` (`id`, `user_id`, `filename`, `size`, `metadata`, `media_type_id`, `created_at`, `updated_at`) VALUES (2, 2, 'molestias', 0, '8', 102, '2016-05-04 01:45:54', '1985-04-06 17:37:17');
INSERT INTO `media_file` (`id`, `user_id`, `filename`, `size`, `metadata`, `media_type_id`, `created_at`, `updated_at`) VALUES (3, 3, 'natus', 87437947, '4', 103, '1991-08-18 10:50:11', '2002-03-10 13:07:53');
INSERT INTO `media_file` (`id`, `user_id`, `filename`, `size`, `metadata`, `media_type_id`, `created_at`, `updated_at`) VALUES (4, 4, 'est', 0, '6', 101, '1991-03-02 19:33:26', '1976-03-24 21:48:56');
INSERT INTO `media_file` (`id`, `user_id`, `filename`, `size`, `metadata`, `media_type_id`, `created_at`, `updated_at`) VALUES (5, 5, 'minima', 582888, '3', 102, '1973-07-26 09:56:56', '2020-08-28 19:37:49');
INSERT INTO `media_file` (`id`, `user_id`, `filename`, `size`, `metadata`, `media_type_id`, `created_at`, `updated_at`) VALUES (6, 6, 'aliquid', 231, '7', 103, '1982-08-28 11:17:38', '2013-03-26 22:34:47');
INSERT INTO `media_file` (`id`, `user_id`, `filename`, `size`, `metadata`, `media_type_id`, `created_at`, `updated_at`) VALUES (7, 7, 'aut', 9348, '9', 101, '1978-08-26 03:28:55', '1970-09-04 07:14:31');
INSERT INTO `media_file` (`id`, `user_id`, `filename`, `size`, `metadata`, `media_type_id`, `created_at`, `updated_at`) VALUES (8, 8, 'est', 816, '4', 102, '2000-12-13 03:36:50', '1976-08-20 16:17:03');
INSERT INTO `media_file` (`id`, `user_id`, `filename`, `size`, `metadata`, `media_type_id`, `created_at`, `updated_at`) VALUES (9, 9, 'tempora', 971440985, '2', 103, '2011-06-15 13:35:59', '2011-03-19 16:41:27');
INSERT INTO `media_file` (`id`, `user_id`, `filename`, `size`, `metadata`, `media_type_id`, `created_at`, `updated_at`) VALUES (10, 10, 'aut', 41819669, '6', 101, '1979-09-02 17:20:55', '1970-08-03 02:38:36');
INSERT INTO `media_file` (`id`, `user_id`, `filename`, `size`, `metadata`, `media_type_id`, `created_at`, `updated_at`) VALUES (11, 11, 'saepe', 948, '9', 102, '1977-08-14 21:20:25', '1979-05-24 18:59:50');
INSERT INTO `media_file` (`id`, `user_id`, `filename`, `size`, `metadata`, `media_type_id`, `created_at`, `updated_at`) VALUES (12, 12, 'consequatur', 7150, '8', 103, '1993-10-08 02:05:32', '2003-08-29 05:32:35');
INSERT INTO `media_file` (`id`, `user_id`, `filename`, `size`, `metadata`, `media_type_id`, `created_at`, `updated_at`) VALUES (13, 13, 'quia', 5, '7', 101, '1997-04-03 06:13:32', '2017-10-22 11:44:32');
INSERT INTO `media_file` (`id`, `user_id`, `filename`, `size`, `metadata`, `media_type_id`, `created_at`, `updated_at`) VALUES (14, 14, 'pariatur', 1, '5', 102, '1970-10-30 00:38:56', '2014-06-23 11:12:49');
INSERT INTO `media_file` (`id`, `user_id`, `filename`, `size`, `metadata`, `media_type_id`, `created_at`, `updated_at`) VALUES (15, 15, 'dignissimos', 871324, '9', 103, '2013-03-07 06:26:22', '1979-02-24 07:11:20');
INSERT INTO `media_file` (`id`, `user_id`, `filename`, `size`, `metadata`, `media_type_id`, `created_at`, `updated_at`) VALUES (16, 16, 'quibusdam', 0, '8', 101, '1981-02-23 21:31:07', '1997-03-03 18:18:21');
INSERT INTO `media_file` (`id`, `user_id`, `filename`, `size`, `metadata`, `media_type_id`, `created_at`, `updated_at`) VALUES (17, 17, 'quis', 348012, '3', 102, '1994-09-30 20:30:57', '1989-09-11 13:11:39');
INSERT INTO `media_file` (`id`, `user_id`, `filename`, `size`, `metadata`, `media_type_id`, `created_at`, `updated_at`) VALUES (18, 18, 'soluta', 94635, '2', 103, '2002-10-11 09:05:42', '2007-10-21 09:34:59');
INSERT INTO `media_file` (`id`, `user_id`, `filename`, `size`, `metadata`, `media_type_id`, `created_at`, `updated_at`) VALUES (19, 19, 'tempore', 80847096, '2', 101, '2013-08-19 23:08:04', '2003-05-06 10:52:04');
INSERT INTO `media_file` (`id`, `user_id`, `filename`, `size`, `metadata`, `media_type_id`, `created_at`, `updated_at`) VALUES (20, 20, 'unde', 7743397, '4', 102, '1990-10-29 21:07:18', '1997-01-22 13:05:14');
INSERT INTO `media_file` (`id`, `user_id`, `filename`, `size`, `metadata`, `media_type_id`, `created_at`, `updated_at`) VALUES (21, 21, 'consequatur', 2054, '8', 103, '1992-11-07 16:56:26', '1993-08-27 19:08:58');
INSERT INTO `media_file` (`id`, `user_id`, `filename`, `size`, `metadata`, `media_type_id`, `created_at`, `updated_at`) VALUES (22, 22, 'voluptas', 4650, '3', 101, '1983-09-04 21:45:59', '1974-09-10 22:07:45');
INSERT INTO `media_file` (`id`, `user_id`, `filename`, `size`, `metadata`, `media_type_id`, `created_at`, `updated_at`) VALUES (23, 23, 'sunt', 1629218, '8', 102, '1979-06-23 07:14:50', '2009-03-06 04:40:14');
INSERT INTO `media_file` (`id`, `user_id`, `filename`, `size`, `metadata`, `media_type_id`, `created_at`, `updated_at`) VALUES (24, 24, 'nihil', 677071755, '3', 103, '2000-02-02 20:31:06', '1977-05-16 08:18:17');
INSERT INTO `media_file` (`id`, `user_id`, `filename`, `size`, `metadata`, `media_type_id`, `created_at`, `updated_at`) VALUES (25, 25, 'quia', 463722813, '5', 101, '1972-09-20 00:03:16', '2006-08-23 05:40:46');
INSERT INTO `media_file` (`id`, `user_id`, `filename`, `size`, `metadata`, `media_type_id`, `created_at`, `updated_at`) VALUES (26, 26, 'officia', 918505310, '1', 102, '2019-06-16 06:12:01', '2018-11-04 04:49:31');
INSERT INTO `media_file` (`id`, `user_id`, `filename`, `size`, `metadata`, `media_type_id`, `created_at`, `updated_at`) VALUES (27, 27, 'veniam', 2957, '5', 103, '2005-07-10 06:03:20', '2001-05-02 16:09:25');
INSERT INTO `media_file` (`id`, `user_id`, `filename`, `size`, `metadata`, `media_type_id`, `created_at`, `updated_at`) VALUES (28, 28, 'voluptatem', 567916, '2', 101, '2010-12-02 06:37:35', '2005-02-26 19:29:25');
INSERT INTO `media_file` (`id`, `user_id`, `filename`, `size`, `metadata`, `media_type_id`, `created_at`, `updated_at`) VALUES (29, 29, 'qui', 35073, '8', 102, '2012-03-13 09:51:19', '2006-04-23 17:29:36');
INSERT INTO `media_file` (`id`, `user_id`, `filename`, `size`, `metadata`, `media_type_id`, `created_at`, `updated_at`) VALUES (30, 30, 'nihil', 239339742, '9', 103, '2013-02-06 04:43:14', '1975-06-10 18:12:05');
INSERT INTO `media_file` (`id`, `user_id`, `filename`, `size`, `metadata`, `media_type_id`, `created_at`, `updated_at`) VALUES (31, 31, 'autem', 162, '5', 101, '2020-12-09 01:06:53', '2013-09-10 02:29:16');
INSERT INTO `media_file` (`id`, `user_id`, `filename`, `size`, `metadata`, `media_type_id`, `created_at`, `updated_at`) VALUES (32, 32, 'nihil', 990455952, '2', 102, '2014-09-19 10:44:04', '1994-10-15 04:02:59');
INSERT INTO `media_file` (`id`, `user_id`, `filename`, `size`, `metadata`, `media_type_id`, `created_at`, `updated_at`) VALUES (33, 33, 'eligendi', 882, '4', 103, '2004-12-03 19:07:36', '1990-01-21 22:28:09');
INSERT INTO `media_file` (`id`, `user_id`, `filename`, `size`, `metadata`, `media_type_id`, `created_at`, `updated_at`) VALUES (34, 34, 'fuga', 688958795, '8', 101, '2008-10-16 18:32:16', '2015-11-23 04:29:07');
INSERT INTO `media_file` (`id`, `user_id`, `filename`, `size`, `metadata`, `media_type_id`, `created_at`, `updated_at`) VALUES (35, 35, 'expedita', 986245476, '2', 102, '2018-09-19 13:37:44', '1995-03-25 12:27:04');
INSERT INTO `media_file` (`id`, `user_id`, `filename`, `size`, `metadata`, `media_type_id`, `created_at`, `updated_at`) VALUES (36, 36, 'officia', 323, '7', 103, '1983-10-28 06:42:17', '2010-09-29 05:49:53');
INSERT INTO `media_file` (`id`, `user_id`, `filename`, `size`, `metadata`, `media_type_id`, `created_at`, `updated_at`) VALUES (37, 37, 'aspernatur', 63312086, '3', 101, '1971-01-15 08:04:59', '1994-04-12 14:45:06');
INSERT INTO `media_file` (`id`, `user_id`, `filename`, `size`, `metadata`, `media_type_id`, `created_at`, `updated_at`) VALUES (38, 38, 'nobis', 20124, '8', 102, '1992-10-07 10:41:36', '2005-08-09 01:40:03');
INSERT INTO `media_file` (`id`, `user_id`, `filename`, `size`, `metadata`, `media_type_id`, `created_at`, `updated_at`) VALUES (39, 39, 'ipsum', 63386, '2', 103, '1982-02-16 14:59:46', '2008-09-13 15:48:43');
INSERT INTO `media_file` (`id`, `user_id`, `filename`, `size`, `metadata`, `media_type_id`, `created_at`, `updated_at`) VALUES (40, 40, 'ut', 739, '1', 101, '1983-02-28 10:36:42', '2010-11-22 04:52:43');
INSERT INTO `media_file` (`id`, `user_id`, `filename`, `size`, `metadata`, `media_type_id`, `created_at`, `updated_at`) VALUES (41, 41, 'velit', 28605187, '7', 102, '2006-02-14 00:18:52', '1976-01-21 03:17:36');
INSERT INTO `media_file` (`id`, `user_id`, `filename`, `size`, `metadata`, `media_type_id`, `created_at`, `updated_at`) VALUES (42, 42, 'totam', 141, '4', 103, '1971-06-21 19:49:49', '1982-11-26 03:24:17');
INSERT INTO `media_file` (`id`, `user_id`, `filename`, `size`, `metadata`, `media_type_id`, `created_at`, `updated_at`) VALUES (43, 43, 'non', 7989, '9', 101, '2003-08-31 09:15:56', '2016-12-05 06:31:06');
INSERT INTO `media_file` (`id`, `user_id`, `filename`, `size`, `metadata`, `media_type_id`, `created_at`, `updated_at`) VALUES (44, 44, 'sunt', 4715, '3', 102, '1993-02-11 22:07:48', '1988-12-07 02:17:59');
INSERT INTO `media_file` (`id`, `user_id`, `filename`, `size`, `metadata`, `media_type_id`, `created_at`, `updated_at`) VALUES (45, 45, 'ut', 0, '3', 103, '1987-08-12 13:06:19', '1975-07-08 04:30:47');
INSERT INTO `media_file` (`id`, `user_id`, `filename`, `size`, `metadata`, `media_type_id`, `created_at`, `updated_at`) VALUES (46, 46, 'iste', 810118910, '6', 101, '1970-04-01 12:47:55', '2002-02-15 16:57:59');
INSERT INTO `media_file` (`id`, `user_id`, `filename`, `size`, `metadata`, `media_type_id`, `created_at`, `updated_at`) VALUES (47, 47, 'ab', 371015970, '8', 102, '2017-08-10 15:23:31', '1980-09-03 07:30:02');
INSERT INTO `media_file` (`id`, `user_id`, `filename`, `size`, `metadata`, `media_type_id`, `created_at`, `updated_at`) VALUES (48, 48, 'dolorem', 78156250, '7', 103, '1972-11-13 19:52:22', '2013-12-17 10:12:19');
INSERT INTO `media_file` (`id`, `user_id`, `filename`, `size`, `metadata`, `media_type_id`, `created_at`, `updated_at`) VALUES (49, 49, 'natus', 0, '8', 101, '2001-07-30 01:33:20', '1974-01-15 11:58:19');
INSERT INTO `media_file` (`id`, `user_id`, `filename`, `size`, `metadata`, `media_type_id`, `created_at`, `updated_at`) VALUES (50, 50, 'vero', 76258, '3', 102, '1971-03-06 13:58:03', '2017-07-20 04:20:35');


#
# TABLE STRUCTURE FOR: media_type
#

DROP TABLE IF EXISTS `media_type`;

CREATE TABLE `media_type` (
  `id` int(10) unsigned NOT NULL AUTO_INCREMENT COMMENT 'Идентификатор строки',
  `name` varchar(255) COLLATE utf8_unicode_ci NOT NULL COMMENT 'Название типа',
  `created_at` datetime DEFAULT current_timestamp() COMMENT 'Время создания строки',
  `updated_at` datetime DEFAULT current_timestamp() ON UPDATE current_timestamp() COMMENT 'Время обновления строки',
  PRIMARY KEY (`id`),
  UNIQUE KEY `name` (`name`)
) ENGINE=InnoDB AUTO_INCREMENT=104 DEFAULT CHARSET=utf8 COLLATE=utf8_unicode_ci COMMENT='Типы медиафайлов';

INSERT INTO `media_type` (`id`, `name`, `created_at`, `updated_at`) VALUES (101, 'aperiam', '1989-07-12 23:59:42', '1993-07-01 16:27:34');
INSERT INTO `media_type` (`id`, `name`, `created_at`, `updated_at`) VALUES (102, 'veritatis', '2019-08-11 04:58:33', '1978-07-09 14:32:39');
INSERT INTO `media_type` (`id`, `name`, `created_at`, `updated_at`) VALUES (103, 'tenetur', '1983-09-21 07:43:28', '1979-12-16 06:09:40');


#
# TABLE STRUCTURE FOR: messages
#

DROP TABLE IF EXISTS `messages`;

CREATE TABLE `messages` (
  `id` int(10) unsigned NOT NULL AUTO_INCREMENT COMMENT 'Идентификатор строки',
  `from_user_id` int(10) unsigned NOT NULL COMMENT 'Ссылка на отправителя сообщения',
  `to_user_id` int(10) unsigned NOT NULL COMMENT 'Ссылка на получателя сообщения',
  `body` text COLLATE utf8_unicode_ci DEFAULT NULL COMMENT 'Текст сообщения',
  `media_file_id` int(10) unsigned DEFAULT NULL COMMENT 'Медиа файл',
  `is_reading` tinyint(1) DEFAULT NULL COMMENT 'Признак прочитанности',
  `is_delivered` tinyint(1) DEFAULT NULL COMMENT 'Признак доставки',
  `created_at` datetime DEFAULT current_timestamp() COMMENT 'Время создания строки',
  PRIMARY KEY (`id`)
) ENGINE=InnoDB AUTO_INCREMENT=201 DEFAULT CHARSET=utf8 COLLATE=utf8_unicode_ci COMMENT='Сообщения';

INSERT INTO `messages` (`id`, `from_user_id`, `to_user_id`, `body`, `media_file_id`, `is_reading`, `is_delivered`, `created_at`) VALUES (101, 1, 1, 'Nihil aspernatur autem est veniam sit enim. Omnis quia qui molestiae voluptas omnis rerum et. Et repellat fuga animi ex aut et esse sit. Numquam quia laborum quasi cupiditate quas magnam consequatur qui.', 1, 1, 1, '1987-11-24 04:15:08');
INSERT INTO `messages` (`id`, `from_user_id`, `to_user_id`, `body`, `media_file_id`, `is_reading`, `is_delivered`, `created_at`) VALUES (102, 2, 2, 'Qui soluta incidunt exercitationem debitis laboriosam impedit. Tempore quibusdam ipsa consequuntur. Rerum iure repudiandae cumque aliquid beatae id. Molestiae enim voluptatibus voluptatem iusto commodi nihil.', 2, 0, 1, '2011-09-01 23:45:20');
INSERT INTO `messages` (`id`, `from_user_id`, `to_user_id`, `body`, `media_file_id`, `is_reading`, `is_delivered`, `created_at`) VALUES (103, 3, 3, 'Omnis quas quam eveniet non reprehenderit. Voluptatem qui odio voluptas et. Quod non nesciunt dolores qui optio.', 3, 0, 0, '2000-07-16 12:12:34');
INSERT INTO `messages` (`id`, `from_user_id`, `to_user_id`, `body`, `media_file_id`, `is_reading`, `is_delivered`, `created_at`) VALUES (104, 4, 4, 'Aut nisi iste qui eius ipsum non. Quasi officia est ipsum sequi aliquam. Consequatur et sit reiciendis deleniti quasi doloremque eaque vero.', 4, 1, 1, '1997-12-06 23:32:28');
INSERT INTO `messages` (`id`, `from_user_id`, `to_user_id`, `body`, `media_file_id`, `is_reading`, `is_delivered`, `created_at`) VALUES (105, 5, 5, 'Aut voluptas atque voluptate blanditiis libero est assumenda. Dolore dolor non neque similique nihil sit. Tempora voluptatem beatae enim corporis.', 5, 1, 0, '1973-07-22 16:17:50');
INSERT INTO `messages` (`id`, `from_user_id`, `to_user_id`, `body`, `media_file_id`, `is_reading`, `is_delivered`, `created_at`) VALUES (106, 6, 6, 'Et ea dolor ea harum. Praesentium sit officia et.', 6, 1, 1, '1977-02-27 01:47:24');
INSERT INTO `messages` (`id`, `from_user_id`, `to_user_id`, `body`, `media_file_id`, `is_reading`, `is_delivered`, `created_at`) VALUES (107, 7, 7, 'Omnis quibusdam rerum et omnis. Quisquam ea ut sint maxime debitis. Autem sunt non animi consequatur aut. Similique molestiae aperiam iste nulla ullam laudantium sit.', 7, 0, 0, '2019-01-19 13:57:10');
INSERT INTO `messages` (`id`, `from_user_id`, `to_user_id`, `body`, `media_file_id`, `is_reading`, `is_delivered`, `created_at`) VALUES (108, 8, 8, 'Est officia provident eum quaerat reiciendis. Consectetur qui facilis ipsum iste quisquam eos et officia. Voluptatum nihil occaecati quia quia necessitatibus velit voluptas repellat. Totam aut dicta voluptatem enim aut earum odit qui.', 8, 0, 1, '1977-06-10 05:55:30');
INSERT INTO `messages` (`id`, `from_user_id`, `to_user_id`, `body`, `media_file_id`, `is_reading`, `is_delivered`, `created_at`) VALUES (109, 9, 9, 'Quis quia perferendis sunt enim est animi dolorum. Id maxime eum explicabo est. Recusandae suscipit molestiae tempora sit dolores aut in voluptates.', 9, 0, 1, '2004-01-03 08:31:27');
INSERT INTO `messages` (`id`, `from_user_id`, `to_user_id`, `body`, `media_file_id`, `is_reading`, `is_delivered`, `created_at`) VALUES (110, 10, 10, 'Accusamus omnis veritatis omnis eum nemo aliquid. Accusantium consectetur quis odio ipsa eum aperiam omnis cum. Voluptatem recusandae corrupti minima ut modi.', 10, 0, 1, '1986-11-20 13:53:10');
INSERT INTO `messages` (`id`, `from_user_id`, `to_user_id`, `body`, `media_file_id`, `is_reading`, `is_delivered`, `created_at`) VALUES (111, 11, 11, 'At minus voluptas cupiditate quo. Magnam sunt ut saepe ea sit voluptatem aut. Ea voluptatibus architecto eum quo ducimus. Dolorem ea fugit culpa et.', 11, 1, 1, '1984-10-24 00:32:40');
INSERT INTO `messages` (`id`, `from_user_id`, `to_user_id`, `body`, `media_file_id`, `is_reading`, `is_delivered`, `created_at`) VALUES (112, 12, 12, 'Voluptate est sit delectus laudantium. Cum inventore numquam non quis et inventore iusto ut. Fugiat corporis autem officiis velit.', 12, 1, 1, '1980-09-01 15:31:30');
INSERT INTO `messages` (`id`, `from_user_id`, `to_user_id`, `body`, `media_file_id`, `is_reading`, `is_delivered`, `created_at`) VALUES (113, 13, 13, 'Veritatis ab architecto est ducimus blanditiis quis omnis ut. Cupiditate laborum cumque ut. Fugit ratione fugiat laboriosam ut natus eum ut.', 13, 1, 0, '1979-01-25 22:07:07');
INSERT INTO `messages` (`id`, `from_user_id`, `to_user_id`, `body`, `media_file_id`, `is_reading`, `is_delivered`, `created_at`) VALUES (114, 14, 14, 'Eaque dolorum aut voluptatem dolor quae nulla ipsum. Qui reiciendis iusto temporibus eaque quis id ut. Omnis qui ullam eveniet quas expedita ut.', 14, 1, 0, '1976-02-27 00:38:15');
INSERT INTO `messages` (`id`, `from_user_id`, `to_user_id`, `body`, `media_file_id`, `is_reading`, `is_delivered`, `created_at`) VALUES (115, 15, 15, 'Dolores mollitia quae deleniti eum eum quam pariatur. Non eaque id quisquam. Quos nihil modi harum voluptatum impedit eaque occaecati. Magni et et quasi omnis similique.', 15, 1, 0, '1989-06-18 10:01:00');
INSERT INTO `messages` (`id`, `from_user_id`, `to_user_id`, `body`, `media_file_id`, `is_reading`, `is_delivered`, `created_at`) VALUES (116, 16, 16, 'Et sint repellendus expedita et illum. Accusantium cum distinctio harum. Beatae sed rerum doloremque ipsa.', 16, 0, 0, '2004-06-21 19:16:15');
INSERT INTO `messages` (`id`, `from_user_id`, `to_user_id`, `body`, `media_file_id`, `is_reading`, `is_delivered`, `created_at`) VALUES (117, 17, 17, 'Beatae consectetur explicabo esse et voluptatum voluptas. Adipisci nostrum quia sunt autem doloremque. Enim nihil architecto dicta sint. Qui inventore quas qui sunt pariatur velit.', 17, 1, 0, '2018-10-18 23:21:31');
INSERT INTO `messages` (`id`, `from_user_id`, `to_user_id`, `body`, `media_file_id`, `is_reading`, `is_delivered`, `created_at`) VALUES (118, 18, 18, 'Est voluptate magnam sed minus. Ut et nisi sint eum id necessitatibus. Nihil facilis eius sed voluptatem enim cupiditate. Et corrupti recusandae ducimus enim.', 18, 1, 1, '2013-11-27 03:37:34');
INSERT INTO `messages` (`id`, `from_user_id`, `to_user_id`, `body`, `media_file_id`, `is_reading`, `is_delivered`, `created_at`) VALUES (119, 19, 19, 'Consequatur porro ullam maiores provident aliquid quia. Voluptates maxime deserunt et quos ducimus. Corporis recusandae ex et harum consequuntur. Ut qui expedita adipisci dicta necessitatibus. Et et distinctio adipisci quas.', 19, 0, 1, '1985-07-01 03:54:03');
INSERT INTO `messages` (`id`, `from_user_id`, `to_user_id`, `body`, `media_file_id`, `is_reading`, `is_delivered`, `created_at`) VALUES (120, 20, 20, 'Quod voluptatibus beatae ad et et excepturi. Est nisi aut libero repellat adipisci iure maxime. Tempora ut delectus repellat amet et est. Vel pariatur velit voluptas corrupti corporis.', 20, 0, 0, '1981-03-26 14:13:25');
INSERT INTO `messages` (`id`, `from_user_id`, `to_user_id`, `body`, `media_file_id`, `is_reading`, `is_delivered`, `created_at`) VALUES (121, 21, 21, 'Quo quo quia distinctio adipisci officia. Dolor earum quisquam praesentium laboriosam. Provident laudantium enim voluptatem reprehenderit debitis.', 21, 0, 0, '1976-10-04 20:59:01');
INSERT INTO `messages` (`id`, `from_user_id`, `to_user_id`, `body`, `media_file_id`, `is_reading`, `is_delivered`, `created_at`) VALUES (122, 22, 22, 'Fugit et similique architecto. Molestiae iste sit quia magnam ab ut. Voluptas reiciendis ullam eum nisi laborum reiciendis temporibus. Veritatis illum et necessitatibus et.', 22, 1, 0, '1979-05-01 16:42:21');
INSERT INTO `messages` (`id`, `from_user_id`, `to_user_id`, `body`, `media_file_id`, `is_reading`, `is_delivered`, `created_at`) VALUES (123, 23, 23, 'Aut assumenda ab libero eligendi mollitia. Ullam explicabo deserunt et magnam impedit omnis et est. Laboriosam dolor et repellat et dolore non qui voluptate. Repellat in aperiam sapiente vel.', 23, 0, 1, '1985-05-20 04:05:36');
INSERT INTO `messages` (`id`, `from_user_id`, `to_user_id`, `body`, `media_file_id`, `is_reading`, `is_delivered`, `created_at`) VALUES (124, 24, 24, 'Ab neque consequatur incidunt iste. Ut fuga illum laudantium temporibus dolorem optio excepturi. Ipsam quibusdam voluptatem laborum ut accusantium sint.', 24, 0, 1, '1999-10-02 22:24:54');
INSERT INTO `messages` (`id`, `from_user_id`, `to_user_id`, `body`, `media_file_id`, `is_reading`, `is_delivered`, `created_at`) VALUES (125, 25, 25, 'Veritatis veritatis harum reprehenderit quod qui. Omnis voluptas saepe alias eum vitae. Non et non et sunt.', 25, 1, 0, '2011-04-01 18:19:38');
INSERT INTO `messages` (`id`, `from_user_id`, `to_user_id`, `body`, `media_file_id`, `is_reading`, `is_delivered`, `created_at`) VALUES (126, 26, 26, 'Est eum doloremque quidem qui natus reiciendis. Adipisci provident voluptatem dicta error eum. Reprehenderit voluptates et cum ut nihil dolorem dicta.', 26, 0, 0, '1999-07-31 03:30:21');
INSERT INTO `messages` (`id`, `from_user_id`, `to_user_id`, `body`, `media_file_id`, `is_reading`, `is_delivered`, `created_at`) VALUES (127, 27, 27, 'Temporibus blanditiis omnis aliquam necessitatibus ipsa veniam. Ut similique repellendus expedita ut maiores. Saepe dolor tempora quod quasi libero ea quia. Aut quo quo sequi distinctio aperiam non. Ut fuga nobis et eos harum veritatis iusto molestiae.', 27, 0, 0, '1971-10-11 12:22:06');
INSERT INTO `messages` (`id`, `from_user_id`, `to_user_id`, `body`, `media_file_id`, `is_reading`, `is_delivered`, `created_at`) VALUES (128, 28, 28, 'Cumque ratione qui sunt cum ea. Vitae eligendi iste alias sint voluptas sit optio doloremque. Illo incidunt ipsa voluptas qui non ipsam autem error. Autem deleniti saepe officiis nostrum ea provident.', 28, 0, 1, '2009-06-16 06:45:25');
INSERT INTO `messages` (`id`, `from_user_id`, `to_user_id`, `body`, `media_file_id`, `is_reading`, `is_delivered`, `created_at`) VALUES (129, 29, 29, 'Nam dolore aliquam ea nulla tempora vitae. Saepe non rerum iste temporibus et labore. Inventore et voluptatem corporis deleniti. Non officia cum est ipsa.', 29, 1, 1, '2019-08-04 23:59:48');
INSERT INTO `messages` (`id`, `from_user_id`, `to_user_id`, `body`, `media_file_id`, `is_reading`, `is_delivered`, `created_at`) VALUES (130, 30, 30, 'Labore non ut et dolor et. Fugiat alias alias ratione accusantium aut libero nostrum. Possimus modi porro error animi quidem quisquam veniam. Ut harum facere ipsam et corrupti consequatur maiores natus.', 30, 1, 1, '2007-08-12 13:53:30');
INSERT INTO `messages` (`id`, `from_user_id`, `to_user_id`, `body`, `media_file_id`, `is_reading`, `is_delivered`, `created_at`) VALUES (131, 31, 31, 'Sequi aut modi illum non voluptate. Qui nihil quia rerum cum recusandae repudiandae eligendi. Alias soluta amet voluptatibus autem. Tempore illum assumenda rerum et.', 31, 1, 1, '2001-04-17 18:55:51');
INSERT INTO `messages` (`id`, `from_user_id`, `to_user_id`, `body`, `media_file_id`, `is_reading`, `is_delivered`, `created_at`) VALUES (132, 32, 32, 'Voluptas optio aliquid dolor quas doloribus quo reiciendis. Ea beatae consequatur ut perferendis ut natus nisi excepturi. Distinctio aut repudiandae sit voluptates ut eum cupiditate.', 32, 0, 1, '1993-12-28 19:30:23');
INSERT INTO `messages` (`id`, `from_user_id`, `to_user_id`, `body`, `media_file_id`, `is_reading`, `is_delivered`, `created_at`) VALUES (133, 33, 33, 'Libero nesciunt unde ut dolores quas ut. Quia itaque esse non repudiandae sequi aliquam. Qui dolore et quisquam eaque.', 33, 1, 0, '1991-12-28 04:14:17');
INSERT INTO `messages` (`id`, `from_user_id`, `to_user_id`, `body`, `media_file_id`, `is_reading`, `is_delivered`, `created_at`) VALUES (134, 34, 34, 'Sint fuga ut quo aut rerum. In laudantium laudantium molestias sapiente aliquid odit. Hic molestiae quia voluptates. Consectetur voluptatibus facere quia omnis tempore nostrum.', 34, 1, 1, '2016-10-20 02:57:51');
INSERT INTO `messages` (`id`, `from_user_id`, `to_user_id`, `body`, `media_file_id`, `is_reading`, `is_delivered`, `created_at`) VALUES (135, 35, 35, 'Vitae dignissimos quo quo dignissimos suscipit rem. Beatae neque nam repellendus id dolores. Possimus libero quod ipsa ab animi quo. Facilis quam repudiandae sint quo velit.', 35, 1, 1, '2003-02-25 14:34:29');
INSERT INTO `messages` (`id`, `from_user_id`, `to_user_id`, `body`, `media_file_id`, `is_reading`, `is_delivered`, `created_at`) VALUES (136, 36, 36, 'Possimus et deserunt at voluptate. Eveniet earum possimus deserunt molestiae. Qui voluptatem ab aut dolores beatae reiciendis deserunt. Ut aut qui enim.', 36, 1, 0, '2008-05-01 22:06:45');
INSERT INTO `messages` (`id`, `from_user_id`, `to_user_id`, `body`, `media_file_id`, `is_reading`, `is_delivered`, `created_at`) VALUES (137, 37, 37, 'Similique fugiat et odio modi perferendis perspiciatis et. Ea reiciendis consectetur hic voluptatem. Fuga occaecati excepturi aliquid et et ea consectetur.', 37, 0, 0, '2005-04-19 13:15:05');
INSERT INTO `messages` (`id`, `from_user_id`, `to_user_id`, `body`, `media_file_id`, `is_reading`, `is_delivered`, `created_at`) VALUES (138, 38, 38, 'Autem dolor itaque aut ut ullam minima. Ullam itaque et itaque nostrum nobis qui totam. Deserunt ea veniam expedita enim est. Quis et eum est a labore eius omnis. Asperiores illum et dicta.', 38, 1, 1, '1990-10-05 01:20:39');
INSERT INTO `messages` (`id`, `from_user_id`, `to_user_id`, `body`, `media_file_id`, `is_reading`, `is_delivered`, `created_at`) VALUES (139, 39, 39, 'Dolor culpa aliquam nam. Tempora id natus nobis repellendus non sequi iusto. Eos aliquid dolore qui enim.', 39, 1, 1, '1991-03-25 06:47:42');
INSERT INTO `messages` (`id`, `from_user_id`, `to_user_id`, `body`, `media_file_id`, `is_reading`, `is_delivered`, `created_at`) VALUES (140, 40, 40, 'Accusantium in ratione quasi ipsa neque. Quo deserunt sint asperiores quibusdam quia nemo. Officia eum suscipit voluptas aut ut beatae.', 40, 1, 1, '1976-09-22 11:08:14');
INSERT INTO `messages` (`id`, `from_user_id`, `to_user_id`, `body`, `media_file_id`, `is_reading`, `is_delivered`, `created_at`) VALUES (141, 41, 41, 'Fugit impedit et et quasi. Assumenda non eveniet dolorem aut rerum et voluptatem. Odio dolorum ea neque voluptatum ea quibusdam est. Qui laborum corrupti deleniti quia cupiditate et.', 41, 0, 0, '1979-05-28 07:06:15');
INSERT INTO `messages` (`id`, `from_user_id`, `to_user_id`, `body`, `media_file_id`, `is_reading`, `is_delivered`, `created_at`) VALUES (142, 42, 42, 'Quidem quo soluta corporis velit accusantium. Maxime ad nostrum saepe nobis. Doloremque voluptates dignissimos aspernatur itaque distinctio atque molestiae laboriosam. Laudantium et iste laudantium cumque eius aut.', 42, 1, 0, '1990-06-18 22:35:38');
INSERT INTO `messages` (`id`, `from_user_id`, `to_user_id`, `body`, `media_file_id`, `is_reading`, `is_delivered`, `created_at`) VALUES (143, 43, 43, 'Animi esse facere expedita ipsa ducimus est beatae. Eum ducimus suscipit voluptatibus laudantium. Natus aut officia quo voluptatem ad perspiciatis iste.', 43, 0, 0, '2002-12-29 05:24:29');
INSERT INTO `messages` (`id`, `from_user_id`, `to_user_id`, `body`, `media_file_id`, `is_reading`, `is_delivered`, `created_at`) VALUES (144, 44, 44, 'Dolorum consequatur facere quia modi dolores voluptatem. Sapiente quia et ut commodi. Sunt et veritatis natus harum eaque nihil. Ea ab est neque et odit.', 44, 1, 1, '1990-11-25 06:44:59');
INSERT INTO `messages` (`id`, `from_user_id`, `to_user_id`, `body`, `media_file_id`, `is_reading`, `is_delivered`, `created_at`) VALUES (145, 45, 45, 'Earum tempore quo ipsum sint placeat numquam atque. Ut itaque neque dicta. Nulla nostrum culpa ea placeat.', 45, 0, 0, '1987-02-16 15:44:50');
INSERT INTO `messages` (`id`, `from_user_id`, `to_user_id`, `body`, `media_file_id`, `is_reading`, `is_delivered`, `created_at`) VALUES (146, 46, 46, 'Quibusdam nihil et commodi nihil nihil. Voluptatum possimus eaque voluptate consequuntur officia quod nisi. Eveniet quidem aut et nostrum molestiae quaerat sequi nam.', 46, 0, 0, '1983-12-19 19:33:51');
INSERT INTO `messages` (`id`, `from_user_id`, `to_user_id`, `body`, `media_file_id`, `is_reading`, `is_delivered`, `created_at`) VALUES (147, 47, 47, 'Consequatur temporibus aut quis veniam. Totam inventore eveniet id praesentium doloribus ut praesentium. Unde necessitatibus perspiciatis harum totam. Debitis accusamus in recusandae ut corrupti recusandae aliquam tempore.', 47, 1, 1, '2019-03-06 09:07:24');
INSERT INTO `messages` (`id`, `from_user_id`, `to_user_id`, `body`, `media_file_id`, `is_reading`, `is_delivered`, `created_at`) VALUES (148, 48, 48, 'Natus tenetur rem omnis sunt. Corrupti itaque cum beatae aspernatur autem quia. Facere veritatis et officiis maiores dolor iusto.', 48, 0, 0, '1996-10-06 21:24:19');
INSERT INTO `messages` (`id`, `from_user_id`, `to_user_id`, `body`, `media_file_id`, `is_reading`, `is_delivered`, `created_at`) VALUES (149, 49, 49, 'Labore eum nesciunt doloribus aut dolorem. Amet maiores quo corrupti assumenda. Ullam cum consectetur facilis et qui occaecati.', 49, 0, 1, '2014-06-18 07:29:40');
INSERT INTO `messages` (`id`, `from_user_id`, `to_user_id`, `body`, `media_file_id`, `is_reading`, `is_delivered`, `created_at`) VALUES (150, 50, 50, 'Quam quia blanditiis rem nam. Placeat quam magnam laboriosam suscipit dicta itaque. Voluptatem et ab dolores ab.', 50, 1, 1, '1970-08-01 05:52:26');
INSERT INTO `messages` (`id`, `from_user_id`, `to_user_id`, `body`, `media_file_id`, `is_reading`, `is_delivered`, `created_at`) VALUES (151, 1, 1, 'Ducimus nisi impedit illum mollitia atque. Consequuntur dignissimos eum et velit. Quidem quod a vero eos excepturi. Et qui tempora soluta.', 1, 1, 1, '1988-08-12 19:04:28');
INSERT INTO `messages` (`id`, `from_user_id`, `to_user_id`, `body`, `media_file_id`, `is_reading`, `is_delivered`, `created_at`) VALUES (152, 2, 2, 'Commodi est maiores et voluptate. Architecto qui aut aut. Possimus minus adipisci aut aut. Eum facere rerum rem non.', 2, 1, 1, '2004-03-09 06:45:13');
INSERT INTO `messages` (`id`, `from_user_id`, `to_user_id`, `body`, `media_file_id`, `is_reading`, `is_delivered`, `created_at`) VALUES (153, 3, 3, 'Qui vel quidem distinctio nihil facere sequi numquam sint. Quidem qui voluptate earum. Quisquam autem consequuntur suscipit nisi debitis fugit.', 3, 1, 1, '1996-04-17 11:31:39');
INSERT INTO `messages` (`id`, `from_user_id`, `to_user_id`, `body`, `media_file_id`, `is_reading`, `is_delivered`, `created_at`) VALUES (154, 4, 4, 'Sint ex ut cumque quas sint. Maiores dolorum aperiam repudiandae est voluptas velit. Amet quia a nulla qui placeat quisquam. Eius voluptatem in vitae deserunt qui esse numquam repellendus.', 4, 1, 1, '1989-06-27 03:42:25');
INSERT INTO `messages` (`id`, `from_user_id`, `to_user_id`, `body`, `media_file_id`, `is_reading`, `is_delivered`, `created_at`) VALUES (155, 5, 5, 'Inventore perspiciatis hic eaque sunt tempora id quo et. Qui earum eos quo. Est nostrum maiores sint non quis. Dolores officiis magnam ipsa dolores et ut.', 5, 1, 1, '1998-08-18 07:20:39');
INSERT INTO `messages` (`id`, `from_user_id`, `to_user_id`, `body`, `media_file_id`, `is_reading`, `is_delivered`, `created_at`) VALUES (156, 6, 6, 'Est sit veritatis at earum omnis cupiditate. Dolore ratione aut quibusdam aliquam. Amet expedita voluptas a doloremque aliquam tenetur.', 6, 0, 1, '2006-07-06 12:14:00');
INSERT INTO `messages` (`id`, `from_user_id`, `to_user_id`, `body`, `media_file_id`, `is_reading`, `is_delivered`, `created_at`) VALUES (157, 7, 7, 'Consequatur omnis alias quod eaque omnis. Voluptas dicta odio dolore distinctio. Cupiditate molestiae exercitationem officiis consequatur.', 7, 1, 0, '2007-03-25 18:50:06');
INSERT INTO `messages` (`id`, `from_user_id`, `to_user_id`, `body`, `media_file_id`, `is_reading`, `is_delivered`, `created_at`) VALUES (158, 8, 8, 'Mollitia et ut architecto quis. Laborum explicabo omnis velit quod inventore. Omnis eius id facilis voluptatem sunt dolor. Architecto officia perspiciatis a dolores eveniet est voluptatem.', 8, 0, 1, '2011-06-12 10:34:30');
INSERT INTO `messages` (`id`, `from_user_id`, `to_user_id`, `body`, `media_file_id`, `is_reading`, `is_delivered`, `created_at`) VALUES (159, 9, 9, 'Enim est est qui voluptas. Qui adipisci delectus ut. Quibusdam corporis et voluptatem voluptatum.', 9, 1, 1, '1998-03-01 23:19:13');
INSERT INTO `messages` (`id`, `from_user_id`, `to_user_id`, `body`, `media_file_id`, `is_reading`, `is_delivered`, `created_at`) VALUES (160, 10, 10, 'Vel ut possimus ut nihil et. Consequatur veritatis reiciendis eos. Autem aut quia distinctio odit exercitationem est nulla.', 10, 1, 1, '2009-11-17 14:43:26');
INSERT INTO `messages` (`id`, `from_user_id`, `to_user_id`, `body`, `media_file_id`, `is_reading`, `is_delivered`, `created_at`) VALUES (161, 11, 11, 'Sequi iste suscipit unde corporis impedit dolores omnis. Vel iusto atque sunt perspiciatis occaecati eligendi. Quis ipsa qui consequatur aut quo et dolorum.', 11, 0, 1, '1983-09-07 10:59:48');
INSERT INTO `messages` (`id`, `from_user_id`, `to_user_id`, `body`, `media_file_id`, `is_reading`, `is_delivered`, `created_at`) VALUES (162, 12, 12, 'Recusandae facere vitae laboriosam minima dolorem. Numquam sapiente rerum ipsum voluptas et. Eius temporibus tenetur sit.', 12, 1, 0, '1978-08-14 08:35:39');
INSERT INTO `messages` (`id`, `from_user_id`, `to_user_id`, `body`, `media_file_id`, `is_reading`, `is_delivered`, `created_at`) VALUES (163, 13, 13, 'Expedita et minima ut optio velit veniam autem. Suscipit eos officia dolorem amet et dignissimos sint quia. Alias perspiciatis pariatur ullam enim. Corrupti ipsam minima exercitationem eaque dolorem nam est sunt. Praesentium deleniti illo fugiat odit inventore laborum autem.', 13, 0, 1, '2002-05-16 06:22:40');
INSERT INTO `messages` (`id`, `from_user_id`, `to_user_id`, `body`, `media_file_id`, `is_reading`, `is_delivered`, `created_at`) VALUES (164, 14, 14, 'Temporibus ratione molestias minus rem. Ipsum non et aut et rerum laborum. Voluptate hic et ducimus quod. Eos nisi in pariatur consequatur fugiat delectus.', 14, 0, 1, '1972-01-14 11:12:54');
INSERT INTO `messages` (`id`, `from_user_id`, `to_user_id`, `body`, `media_file_id`, `is_reading`, `is_delivered`, `created_at`) VALUES (165, 15, 15, 'Aut et impedit reprehenderit minima deleniti velit tempore sint. Beatae iste tempore ipsum nemo. Quos consequuntur et perferendis dolor magni. Cum ad numquam perferendis ut. Dolor suscipit tenetur nulla.', 15, 1, 1, '2008-05-28 20:04:14');
INSERT INTO `messages` (`id`, `from_user_id`, `to_user_id`, `body`, `media_file_id`, `is_reading`, `is_delivered`, `created_at`) VALUES (166, 16, 16, 'Nisi eius tempora deleniti autem unde. Nisi non corrupti necessitatibus eius dolores. Veniam consequatur ut rerum iste veniam neque occaecati.', 16, 1, 1, '2020-06-18 07:51:45');
INSERT INTO `messages` (`id`, `from_user_id`, `to_user_id`, `body`, `media_file_id`, `is_reading`, `is_delivered`, `created_at`) VALUES (167, 17, 17, 'Quae praesentium atque qui voluptatem est. At impedit officiis tempore est. Beatae qui non occaecati modi.', 17, 1, 0, '1978-09-09 07:02:49');
INSERT INTO `messages` (`id`, `from_user_id`, `to_user_id`, `body`, `media_file_id`, `is_reading`, `is_delivered`, `created_at`) VALUES (168, 18, 18, 'Sunt sit ea sequi itaque. Eius et ipsam mollitia assumenda. Pariatur expedita ut nobis tenetur consequatur optio. Voluptate ullam consequuntur tempore animi.', 18, 0, 0, '1973-02-16 08:07:47');
INSERT INTO `messages` (`id`, `from_user_id`, `to_user_id`, `body`, `media_file_id`, `is_reading`, `is_delivered`, `created_at`) VALUES (169, 19, 19, 'Quam omnis quidem placeat est. Est reprehenderit rerum quo nisi quia possimus rerum. Doloribus ea veritatis dolores et necessitatibus optio quos.', 19, 1, 0, '1976-07-23 12:19:28');
INSERT INTO `messages` (`id`, `from_user_id`, `to_user_id`, `body`, `media_file_id`, `is_reading`, `is_delivered`, `created_at`) VALUES (170, 20, 20, 'Facere expedita voluptate non vitae rerum. Molestiae consequatur distinctio aliquid. Impedit aut assumenda sint nemo necessitatibus.', 20, 0, 0, '2017-05-31 13:50:18');
INSERT INTO `messages` (`id`, `from_user_id`, `to_user_id`, `body`, `media_file_id`, `is_reading`, `is_delivered`, `created_at`) VALUES (171, 21, 21, 'Iusto modi autem aut placeat est. Non pariatur quia perferendis quos excepturi. At rerum reprehenderit repellendus sunt. Voluptate voluptatem sed ullam expedita.', 21, 0, 1, '1987-06-04 16:26:14');
INSERT INTO `messages` (`id`, `from_user_id`, `to_user_id`, `body`, `media_file_id`, `is_reading`, `is_delivered`, `created_at`) VALUES (172, 22, 22, 'Numquam natus odio et rem. Occaecati velit ut ducimus cumque laborum. Fugit soluta nulla id quia quis.', 22, 0, 0, '1971-06-19 10:12:31');
INSERT INTO `messages` (`id`, `from_user_id`, `to_user_id`, `body`, `media_file_id`, `is_reading`, `is_delivered`, `created_at`) VALUES (173, 23, 23, 'Ducimus in non et odit ea deleniti eum. Ratione sit eum laboriosam nostrum deleniti. Cumque magni numquam voluptas dolorem. Aut voluptatem ex perspiciatis dolores beatae officia aut.', 23, 1, 1, '1985-09-15 23:56:29');
INSERT INTO `messages` (`id`, `from_user_id`, `to_user_id`, `body`, `media_file_id`, `is_reading`, `is_delivered`, `created_at`) VALUES (174, 24, 24, 'Voluptates voluptatem sed nesciunt non quisquam ut. Explicabo alias dignissimos quo veniam animi qui commodi. Vel aut voluptatum adipisci sint. Rerum doloremque molestias nulla molestiae sit ut earum. Quasi porro cupiditate eius fuga sint officia tempore.', 24, 0, 0, '1982-08-15 02:02:00');
INSERT INTO `messages` (`id`, `from_user_id`, `to_user_id`, `body`, `media_file_id`, `is_reading`, `is_delivered`, `created_at`) VALUES (175, 25, 25, 'Et in in minima deleniti perspiciatis aut. Ea aut aut eaque quod. Labore sed officiis vitae dolor nisi est.', 25, 1, 1, '1996-06-18 20:22:26');
INSERT INTO `messages` (`id`, `from_user_id`, `to_user_id`, `body`, `media_file_id`, `is_reading`, `is_delivered`, `created_at`) VALUES (176, 26, 26, 'Inventore alias consequuntur fugiat est. Ad aliquam optio dolorem voluptas eos excepturi commodi. Maiores quos consequatur laborum dicta reiciendis excepturi labore quis.', 26, 0, 0, '1988-04-29 09:37:40');
INSERT INTO `messages` (`id`, `from_user_id`, `to_user_id`, `body`, `media_file_id`, `is_reading`, `is_delivered`, `created_at`) VALUES (177, 27, 27, 'Recusandae esse impedit totam. Officia consequatur vitae omnis dignissimos molestiae. Omnis dolor odio vero est. Eos sit aut quasi temporibus.', 27, 0, 0, '1973-03-28 20:11:15');
INSERT INTO `messages` (`id`, `from_user_id`, `to_user_id`, `body`, `media_file_id`, `is_reading`, `is_delivered`, `created_at`) VALUES (178, 28, 28, 'Facere atque at odit dolore in. Modi itaque deleniti sequi esse iusto ex. Cumque suscipit tempore amet voluptatem beatae.', 28, 1, 1, '1972-06-22 02:57:49');
INSERT INTO `messages` (`id`, `from_user_id`, `to_user_id`, `body`, `media_file_id`, `is_reading`, `is_delivered`, `created_at`) VALUES (179, 29, 29, 'Repudiandae ducimus molestiae consectetur nam et eligendi. Rerum non magni non accusantium. Voluptatem quia molestiae cumque nihil non praesentium. Et itaque debitis voluptas ut aliquid qui.', 29, 0, 0, '1998-01-13 06:16:38');
INSERT INTO `messages` (`id`, `from_user_id`, `to_user_id`, `body`, `media_file_id`, `is_reading`, `is_delivered`, `created_at`) VALUES (180, 30, 30, 'Quia ut neque voluptatibus. Ut voluptatem a assumenda quisquam repellendus corrupti fugiat. Tempora sed similique sit voluptas sit sint molestias commodi. Et veniam rerum saepe molestias.', 30, 1, 0, '1981-01-16 08:51:06');
INSERT INTO `messages` (`id`, `from_user_id`, `to_user_id`, `body`, `media_file_id`, `is_reading`, `is_delivered`, `created_at`) VALUES (181, 31, 31, 'Natus error velit quia maiores rerum esse sapiente. Atque voluptatem ipsum facere non voluptatem ipsa. Rem quasi quam molestiae aut illo cumque.', 31, 0, 1, '2005-10-18 14:08:20');
INSERT INTO `messages` (`id`, `from_user_id`, `to_user_id`, `body`, `media_file_id`, `is_reading`, `is_delivered`, `created_at`) VALUES (182, 32, 32, 'Eveniet deleniti voluptatem ut facilis architecto. Minima reiciendis quis animi aperiam. Quam dicta non et.', 32, 1, 0, '1990-10-09 06:17:58');
INSERT INTO `messages` (`id`, `from_user_id`, `to_user_id`, `body`, `media_file_id`, `is_reading`, `is_delivered`, `created_at`) VALUES (183, 33, 33, 'Numquam nostrum sint in et distinctio fugiat. Magni ab aperiam ut nostrum eius. Nemo et soluta qui sequi dolores tempora distinctio.', 33, 1, 1, '1996-10-30 06:47:04');
INSERT INTO `messages` (`id`, `from_user_id`, `to_user_id`, `body`, `media_file_id`, `is_reading`, `is_delivered`, `created_at`) VALUES (184, 34, 34, 'Aliquid quia dolores est voluptatum neque magnam. Et temporibus qui numquam voluptatum consequatur ipsum facere.', 34, 0, 1, '1990-05-14 15:40:33');
INSERT INTO `messages` (`id`, `from_user_id`, `to_user_id`, `body`, `media_file_id`, `is_reading`, `is_delivered`, `created_at`) VALUES (185, 35, 35, 'Earum similique aut ut voluptas omnis voluptas velit. In voluptas dolores et veritatis omnis labore. Ut qui blanditiis sit doloremque.', 35, 1, 0, '2002-04-14 06:54:45');
INSERT INTO `messages` (`id`, `from_user_id`, `to_user_id`, `body`, `media_file_id`, `is_reading`, `is_delivered`, `created_at`) VALUES (186, 36, 36, 'Enim maiores alias et alias. Culpa saepe error cupiditate maxime repellendus qui quidem eum. Laudantium rerum voluptas dolorum ullam dolores nemo. Facilis iusto consequatur cupiditate ipsa rerum maiores.', 36, 0, 0, '1979-02-18 01:55:32');
INSERT INTO `messages` (`id`, `from_user_id`, `to_user_id`, `body`, `media_file_id`, `is_reading`, `is_delivered`, `created_at`) VALUES (187, 37, 37, 'Atque deserunt quia soluta. Aut et repellendus non in voluptatem magni fuga. Sed eum perferendis quo et amet.', 37, 1, 0, '2014-01-07 03:24:10');
INSERT INTO `messages` (`id`, `from_user_id`, `to_user_id`, `body`, `media_file_id`, `is_reading`, `is_delivered`, `created_at`) VALUES (188, 38, 38, 'Velit ipsa architecto soluta fugiat aut. Adipisci ratione molestiae labore mollitia quae. Quo sed ipsa nesciunt praesentium aperiam quia quae. Id voluptatibus facere necessitatibus consequuntur aut.', 38, 0, 0, '2005-03-30 10:45:03');
INSERT INTO `messages` (`id`, `from_user_id`, `to_user_id`, `body`, `media_file_id`, `is_reading`, `is_delivered`, `created_at`) VALUES (189, 39, 39, 'Quia et dolor consequatur molestiae ipsum numquam sequi possimus. Natus veniam facilis ipsa earum. Vitae numquam ut hic dolorem autem assumenda.', 39, 0, 0, '1985-03-31 06:14:28');
INSERT INTO `messages` (`id`, `from_user_id`, `to_user_id`, `body`, `media_file_id`, `is_reading`, `is_delivered`, `created_at`) VALUES (190, 40, 40, 'Culpa sint suscipit accusamus dignissimos eius neque. Et tenetur nihil consequuntur sit labore ea ut unde. Eos placeat sit est unde. Neque minima dicta qui cupiditate aperiam.', 40, 0, 1, '1991-08-13 22:36:51');
INSERT INTO `messages` (`id`, `from_user_id`, `to_user_id`, `body`, `media_file_id`, `is_reading`, `is_delivered`, `created_at`) VALUES (191, 41, 41, 'Rerum laudantium iure dolores quia incidunt repellat. Cumque omnis fugiat ducimus eum quae eveniet corrupti. Excepturi et maiores id atque error amet excepturi perferendis.', 41, 0, 1, '1986-11-03 17:26:46');
INSERT INTO `messages` (`id`, `from_user_id`, `to_user_id`, `body`, `media_file_id`, `is_reading`, `is_delivered`, `created_at`) VALUES (192, 42, 42, 'Et sed provident vel exercitationem et. Nemo et debitis eius eos rerum. Aut tempora est repudiandae. Nobis eaque nihil reiciendis et.', 42, 1, 1, '1988-10-01 05:43:09');
INSERT INTO `messages` (`id`, `from_user_id`, `to_user_id`, `body`, `media_file_id`, `is_reading`, `is_delivered`, `created_at`) VALUES (193, 43, 43, 'Nulla asperiores eum saepe quia ducimus nihil dicta fugit. Molestias necessitatibus asperiores sit in amet sed. Facere temporibus consequatur autem fugiat nostrum eum vel. Ratione soluta laborum voluptate quia quas eveniet eum.', 43, 0, 0, '1986-06-27 18:46:54');
INSERT INTO `messages` (`id`, `from_user_id`, `to_user_id`, `body`, `media_file_id`, `is_reading`, `is_delivered`, `created_at`) VALUES (194, 44, 44, 'Magnam maiores saepe explicabo ea. Quas ipsam repellat et earum deserunt aut ab voluptas. Veritatis molestiae iure voluptas minima est.', 44, 1, 1, '1987-04-11 02:38:21');
INSERT INTO `messages` (`id`, `from_user_id`, `to_user_id`, `body`, `media_file_id`, `is_reading`, `is_delivered`, `created_at`) VALUES (195, 45, 45, 'Ut unde est qui et et. Dolorem facilis exercitationem quo. Expedita autem hic earum vitae accusantium sint non.', 45, 0, 1, '2016-10-31 09:39:16');
INSERT INTO `messages` (`id`, `from_user_id`, `to_user_id`, `body`, `media_file_id`, `is_reading`, `is_delivered`, `created_at`) VALUES (196, 46, 46, 'Laborum aut est nulla explicabo sint enim cumque. Dignissimos asperiores est qui et ut quidem natus. Eius tempore est placeat esse. Quo minima cupiditate quia et fuga.', 46, 1, 1, '2003-09-11 20:21:12');
INSERT INTO `messages` (`id`, `from_user_id`, `to_user_id`, `body`, `media_file_id`, `is_reading`, `is_delivered`, `created_at`) VALUES (197, 47, 47, 'Aliquam qui vero consequatur et repellat. Voluptas nesciunt neque voluptatem deleniti veniam ab libero. Recusandae aut rerum incidunt sint ea deserunt.', 47, 0, 1, '1999-08-31 08:00:57');
INSERT INTO `messages` (`id`, `from_user_id`, `to_user_id`, `body`, `media_file_id`, `is_reading`, `is_delivered`, `created_at`) VALUES (198, 48, 48, 'Consectetur labore itaque quia sint et cupiditate fugit. Non ut quis ullam. Consequatur sit id assumenda dicta praesentium.', 48, 1, 1, '2008-03-28 18:01:48');
INSERT INTO `messages` (`id`, `from_user_id`, `to_user_id`, `body`, `media_file_id`, `is_reading`, `is_delivered`, `created_at`) VALUES (199, 49, 49, 'Voluptates quas praesentium ut ducimus voluptas. Cum dolorem eligendi aperiam fuga dignissimos et. Impedit et dicta culpa voluptates iure repellat repellendus rem. In facere ipsum inventore et.', 49, 0, 0, '1971-06-10 02:57:47');
INSERT INTO `messages` (`id`, `from_user_id`, `to_user_id`, `body`, `media_file_id`, `is_reading`, `is_delivered`, `created_at`) VALUES (200, 50, 50, 'Et voluptatem occaecati est ipsum ut et ut vel. Enim eligendi vel ratione. Qui sit aliquid vitae occaecati molestiae praesentium. Iusto delectus autem ratione culpa amet eaque magnam.', 50, 0, 1, '2001-10-05 13:29:26');


#
# TABLE STRUCTURE FOR: messages_group
#

DROP TABLE IF EXISTS `messages_group`;

CREATE TABLE `messages_group` (
  `id` int(10) unsigned NOT NULL AUTO_INCREMENT COMMENT 'Идентификатор строки',
  `user_id` int(10) unsigned NOT NULL COMMENT 'Ссылка на отправителя сообщения',
  `body` text COLLATE utf8_unicode_ci DEFAULT NULL COMMENT 'Текст сообщения',
  `media_file_id` int(10) unsigned DEFAULT NULL COMMENT 'Медиа файл',
  `is_reading` tinyint(1) DEFAULT NULL COMMENT 'Признак прочитанности',
  `is_delivered` tinyint(1) DEFAULT NULL COMMENT 'Признак доставки',
  `created_at` datetime DEFAULT current_timestamp() COMMENT 'Время создания строки',
  PRIMARY KEY (`id`)
) ENGINE=InnoDB AUTO_INCREMENT=101 DEFAULT CHARSET=utf8 COLLATE=utf8_unicode_ci;

INSERT INTO `messages_group` (`id`, `user_id`, `body`, `media_file_id`, `is_reading`, `is_delivered`, `created_at`) VALUES (1, 1, 'Quo aperiam eos at iste excepturi. Amet rerum consequatur inventore eos accusamus sed quasi. Dolores magnam possimus esse. Ab eveniet autem occaecati eaque.', 1, 0, 0, '1975-03-28 08:25:09');
INSERT INTO `messages_group` (`id`, `user_id`, `body`, `media_file_id`, `is_reading`, `is_delivered`, `created_at`) VALUES (2, 2, 'At enim perferendis magni non qui minus quidem. Est quia commodi est nihil. Et fugit est nesciunt deleniti et explicabo sit. Cupiditate ea molestiae id commodi.', 2, 1, 1, '1994-12-18 21:43:03');
INSERT INTO `messages_group` (`id`, `user_id`, `body`, `media_file_id`, `is_reading`, `is_delivered`, `created_at`) VALUES (3, 3, 'Placeat doloremque vel ex quibusdam. Fugiat consectetur dolorem cum accusamus labore laborum. Ut autem a quia.', 3, 0, 0, '1991-12-03 00:29:14');
INSERT INTO `messages_group` (`id`, `user_id`, `body`, `media_file_id`, `is_reading`, `is_delivered`, `created_at`) VALUES (4, 4, 'Nisi dignissimos eum corporis delectus. Rem aut ipsa reprehenderit dicta qui. Eos ullam adipisci repudiandae et.', 4, 0, 0, '1978-05-29 08:37:37');
INSERT INTO `messages_group` (`id`, `user_id`, `body`, `media_file_id`, `is_reading`, `is_delivered`, `created_at`) VALUES (5, 5, 'Quasi minima enim rem ducimus assumenda. Natus occaecati reprehenderit aut tenetur vel. Ea vel eos optio non. Sequi amet nihil molestiae voluptate aut expedita delectus.', 5, 0, 1, '2018-04-28 16:35:51');
INSERT INTO `messages_group` (`id`, `user_id`, `body`, `media_file_id`, `is_reading`, `is_delivered`, `created_at`) VALUES (6, 6, 'Ut odit quia voluptas et et. Aliquid quibusdam nam possimus tempore non. Eius quisquam aut aliquam facere rerum. Quis facilis sed repellendus suscipit est iusto possimus quibusdam.', 6, 0, 0, '1978-02-03 09:50:47');
INSERT INTO `messages_group` (`id`, `user_id`, `body`, `media_file_id`, `is_reading`, `is_delivered`, `created_at`) VALUES (7, 7, 'Natus alias explicabo voluptas sint molestiae. Qui doloremque nihil quis autem sed. Sit tempore doloribus et cumque est iure. Aut molestias veritatis ipsam occaecati qui ut est quis. Recusandae dolorum rerum tenetur temporibus.', 7, 0, 0, '1985-12-17 10:11:58');
INSERT INTO `messages_group` (`id`, `user_id`, `body`, `media_file_id`, `is_reading`, `is_delivered`, `created_at`) VALUES (8, 8, 'Voluptatibus voluptate velit aut est. Autem officiis consequatur voluptas sint mollitia. Facilis alias voluptatum tempora tempora voluptates.', 8, 1, 0, '1973-12-15 16:30:03');
INSERT INTO `messages_group` (`id`, `user_id`, `body`, `media_file_id`, `is_reading`, `is_delivered`, `created_at`) VALUES (9, 9, 'Voluptatibus enim autem dolorem. Quasi nesciunt molestiae aperiam omnis distinctio ducimus dolores. Eum vitae impedit modi sequi aliquid.', 9, 0, 0, '1978-09-14 18:13:41');
INSERT INTO `messages_group` (`id`, `user_id`, `body`, `media_file_id`, `is_reading`, `is_delivered`, `created_at`) VALUES (10, 10, 'Perferendis quis dolorem rerum eveniet corporis veniam tempore. Id officiis et sed et aspernatur tempora ratione. Eius repudiandae repellat pariatur praesentium vitae illum. Commodi est voluptatem labore.', 10, 0, 0, '2017-05-25 20:49:38');
INSERT INTO `messages_group` (`id`, `user_id`, `body`, `media_file_id`, `is_reading`, `is_delivered`, `created_at`) VALUES (11, 11, 'Dolorem eaque laboriosam sunt quod quis inventore ipsum. Consequatur inventore dolorum fugiat expedita autem alias autem. Recusandae ut nihil vel quidem quos. Sit distinctio temporibus qui iure nulla.', 11, 0, 1, '1977-12-21 08:00:37');
INSERT INTO `messages_group` (`id`, `user_id`, `body`, `media_file_id`, `is_reading`, `is_delivered`, `created_at`) VALUES (12, 12, 'Aut deserunt vel dolorem sed voluptatum quod. Vitae ducimus quos nihil quia fuga. Dicta doloribus beatae molestiae omnis eius tempore sed. Culpa possimus dolor eius sint.', 12, 0, 1, '2009-01-28 06:07:04');
INSERT INTO `messages_group` (`id`, `user_id`, `body`, `media_file_id`, `is_reading`, `is_delivered`, `created_at`) VALUES (13, 13, 'Eveniet qui sed fuga consequatur. In officiis iusto eum facere quae assumenda. Maxime quia dolorem alias laboriosam animi corrupti. Laboriosam nesciunt voluptatum laboriosam est nesciunt aspernatur debitis impedit.', 13, 1, 1, '2011-05-30 16:47:43');
INSERT INTO `messages_group` (`id`, `user_id`, `body`, `media_file_id`, `is_reading`, `is_delivered`, `created_at`) VALUES (14, 14, 'Aut sint distinctio vel sunt incidunt voluptate. Minus quia voluptate ipsam distinctio. Itaque placeat voluptatem repellendus.', 14, 0, 1, '1982-04-07 14:39:33');
INSERT INTO `messages_group` (`id`, `user_id`, `body`, `media_file_id`, `is_reading`, `is_delivered`, `created_at`) VALUES (15, 15, 'Cum molestias saepe voluptatem aspernatur. Et id quidem possimus quia at sint. Repellat voluptatibus sapiente facere qui veritatis. Commodi quis unde laborum distinctio enim voluptatibus vel.', 15, 0, 1, '2020-05-16 08:44:18');
INSERT INTO `messages_group` (`id`, `user_id`, `body`, `media_file_id`, `is_reading`, `is_delivered`, `created_at`) VALUES (16, 16, 'Neque molestias quod aperiam autem repellendus hic sint. Accusantium ea qui repellat laboriosam saepe perferendis.', 16, 0, 0, '1999-07-02 14:49:53');
INSERT INTO `messages_group` (`id`, `user_id`, `body`, `media_file_id`, `is_reading`, `is_delivered`, `created_at`) VALUES (17, 17, 'Aperiam ipsam omnis reprehenderit explicabo exercitationem ea. Sed culpa possimus eveniet debitis voluptates qui numquam. Cum corporis dolorem qui corporis qui qui adipisci.', 17, 1, 1, '2007-11-19 21:00:16');
INSERT INTO `messages_group` (`id`, `user_id`, `body`, `media_file_id`, `is_reading`, `is_delivered`, `created_at`) VALUES (18, 18, 'Ea sit ratione quidem suscipit molestiae repellat. Esse possimus nihil quaerat perferendis architecto. Earum cupiditate ea minima qui.', 18, 0, 0, '1972-07-06 12:36:42');
INSERT INTO `messages_group` (`id`, `user_id`, `body`, `media_file_id`, `is_reading`, `is_delivered`, `created_at`) VALUES (19, 19, 'Provident eos sapiente commodi. Nemo accusantium a quibusdam est nulla. Et voluptatem placeat ullam voluptas.', 19, 0, 1, '1988-04-22 02:13:45');
INSERT INTO `messages_group` (`id`, `user_id`, `body`, `media_file_id`, `is_reading`, `is_delivered`, `created_at`) VALUES (20, 20, 'Quaerat dolorem voluptas perspiciatis nihil nobis. At enim deserunt modi hic rerum. Omnis autem et nulla illo. Occaecati at sunt harum et.', 20, 0, 0, '2002-06-04 07:30:26');
INSERT INTO `messages_group` (`id`, `user_id`, `body`, `media_file_id`, `is_reading`, `is_delivered`, `created_at`) VALUES (21, 21, 'Est est porro aut expedita. Dolorem nesciunt quo accusamus aperiam consectetur dolorum vitae. Fugit sapiente consequatur ea. Consectetur debitis qui expedita vitae qui deleniti tenetur optio.', 21, 0, 0, '2014-03-13 20:38:34');
INSERT INTO `messages_group` (`id`, `user_id`, `body`, `media_file_id`, `is_reading`, `is_delivered`, `created_at`) VALUES (22, 22, 'Non error et rerum reiciendis consequatur aliquam. Cupiditate corrupti consequuntur est ducimus totam eligendi. Est recusandae at aut quidem minima eos dolor repellendus. Est tempore necessitatibus facilis architecto rerum dicta dolore.', 22, 1, 0, '2000-06-12 11:35:28');
INSERT INTO `messages_group` (`id`, `user_id`, `body`, `media_file_id`, `is_reading`, `is_delivered`, `created_at`) VALUES (23, 23, 'Sint consequatur in facere autem. Nesciunt aliquid laudantium dicta quibusdam minus.', 23, 0, 1, '2002-11-15 09:59:39');
INSERT INTO `messages_group` (`id`, `user_id`, `body`, `media_file_id`, `is_reading`, `is_delivered`, `created_at`) VALUES (24, 24, 'Necessitatibus illum qui vitae itaque. Incidunt laborum repellat eaque dolorem eos facilis ut. Esse ad voluptatem dolores voluptas. Tempora autem ratione enim voluptates mollitia quaerat amet.', 24, 1, 1, '2003-05-30 21:35:59');
INSERT INTO `messages_group` (`id`, `user_id`, `body`, `media_file_id`, `is_reading`, `is_delivered`, `created_at`) VALUES (25, 25, 'Dolorem velit odit et dolores facere. Alias exercitationem nam recusandae et optio. Impedit in nulla magni quia sequi maxime tenetur.', 25, 0, 1, '1979-01-30 09:54:06');
INSERT INTO `messages_group` (`id`, `user_id`, `body`, `media_file_id`, `is_reading`, `is_delivered`, `created_at`) VALUES (26, 26, 'At et velit ullam totam assumenda. Dolorem deserunt ratione nisi dolore. Aut enim ex nihil voluptatem ut id dignissimos sequi. Consequatur ab dolorum alias est ex veritatis autem sit. Aperiam excepturi non saepe nisi dolorum dolore harum.', 26, 0, 0, '1990-02-12 21:25:43');
INSERT INTO `messages_group` (`id`, `user_id`, `body`, `media_file_id`, `is_reading`, `is_delivered`, `created_at`) VALUES (27, 27, 'Voluptas qui esse culpa explicabo. Aut in nisi eligendi aliquid nam ex. Magnam voluptas molestias magnam saepe impedit consequatur voluptas.', 27, 1, 0, '1984-09-30 20:24:27');
INSERT INTO `messages_group` (`id`, `user_id`, `body`, `media_file_id`, `is_reading`, `is_delivered`, `created_at`) VALUES (28, 28, 'Ab vero neque et ducimus. Qui officiis molestiae ratione aliquid minima velit omnis voluptatem. Voluptas ea eveniet quae voluptas autem distinctio voluptatem.', 28, 0, 1, '1982-10-20 06:18:18');
INSERT INTO `messages_group` (`id`, `user_id`, `body`, `media_file_id`, `is_reading`, `is_delivered`, `created_at`) VALUES (29, 29, 'Placeat voluptates et excepturi libero. Ut in ut maxime atque aperiam fuga voluptatibus error. Consequatur facilis ducimus fugiat eum voluptas iure dolorum.', 29, 0, 1, '1983-09-04 06:03:45');
INSERT INTO `messages_group` (`id`, `user_id`, `body`, `media_file_id`, `is_reading`, `is_delivered`, `created_at`) VALUES (30, 30, 'Harum earum eum aut. Soluta labore consequatur debitis eum enim. Consequuntur atque quibusdam qui. Excepturi fuga nobis labore.', 30, 0, 0, '1996-12-05 10:25:41');
INSERT INTO `messages_group` (`id`, `user_id`, `body`, `media_file_id`, `is_reading`, `is_delivered`, `created_at`) VALUES (31, 31, 'Enim exercitationem necessitatibus atque recusandae. Cum est ipsa quo eligendi sed animi aliquam. Alias ipsa vel maxime id voluptatem in. Possimus et id et impedit voluptas placeat.', 31, 0, 1, '1986-02-28 00:24:02');
INSERT INTO `messages_group` (`id`, `user_id`, `body`, `media_file_id`, `is_reading`, `is_delivered`, `created_at`) VALUES (32, 32, 'Repellendus ut eos voluptatem nihil nemo necessitatibus hic. Autem aliquid et quae rerum doloremque. Et sit quo blanditiis officiis. Et voluptate voluptatem nihil a sapiente omnis. Autem explicabo ut et similique tempore.', 32, 0, 1, '1998-02-09 17:54:21');
INSERT INTO `messages_group` (`id`, `user_id`, `body`, `media_file_id`, `is_reading`, `is_delivered`, `created_at`) VALUES (33, 33, 'A ex reiciendis deleniti mollitia rerum facere. Et nulla incidunt necessitatibus reiciendis. Libero rerum voluptatibus ipsum corrupti ullam et. Sit a error facere nobis maiores ut.', 33, 0, 1, '2007-11-17 03:43:46');
INSERT INTO `messages_group` (`id`, `user_id`, `body`, `media_file_id`, `is_reading`, `is_delivered`, `created_at`) VALUES (34, 34, 'Quasi velit ipsum sit sequi nobis. Optio alias sit ab occaecati iure inventore. Qui rem optio ut et deserunt placeat accusantium.', 34, 1, 0, '1992-11-22 06:57:11');
INSERT INTO `messages_group` (`id`, `user_id`, `body`, `media_file_id`, `is_reading`, `is_delivered`, `created_at`) VALUES (35, 35, 'Voluptates ut sit reprehenderit accusantium quisquam veniam exercitationem voluptatibus. Eveniet libero nihil ut saepe. Qui quos consectetur consequatur id quae provident expedita aliquid. Quos alias nihil autem vitae.', 35, 1, 1, '1995-10-04 12:23:37');
INSERT INTO `messages_group` (`id`, `user_id`, `body`, `media_file_id`, `is_reading`, `is_delivered`, `created_at`) VALUES (36, 36, 'Numquam excepturi voluptas quidem hic omnis at adipisci. Voluptas ut ut voluptatibus et ut. Iure neque omnis optio aut nam culpa ipsa.', 36, 0, 1, '2002-04-19 11:15:34');
INSERT INTO `messages_group` (`id`, `user_id`, `body`, `media_file_id`, `is_reading`, `is_delivered`, `created_at`) VALUES (37, 37, 'Unde sit corrupti quidem esse perspiciatis. Occaecati eos sit odio odio aliquid natus rerum. Sit laudantium tempore sed non perferendis corporis ut.', 37, 1, 0, '2007-04-09 08:50:05');
INSERT INTO `messages_group` (`id`, `user_id`, `body`, `media_file_id`, `is_reading`, `is_delivered`, `created_at`) VALUES (38, 38, 'Laborum necessitatibus ipsam quidem doloremque enim. At facere odit deserunt perferendis. Eos libero consectetur dolores beatae quas minus est. Facilis sed quas dolores fuga porro tempora. Velit optio mollitia dolorem voluptas ipsam et.', 38, 1, 1, '1984-06-05 05:10:05');
INSERT INTO `messages_group` (`id`, `user_id`, `body`, `media_file_id`, `is_reading`, `is_delivered`, `created_at`) VALUES (39, 39, 'Quidem animi neque culpa assumenda dolorem. Tempore iusto adipisci illum porro qui. Eligendi nam ab eius eaque sit. Perspiciatis alias temporibus hic est quod.', 39, 0, 1, '1995-05-26 04:17:19');
INSERT INTO `messages_group` (`id`, `user_id`, `body`, `media_file_id`, `is_reading`, `is_delivered`, `created_at`) VALUES (40, 40, 'Dicta officia placeat ullam aut atque quas. Molestiae earum unde totam non cum accusamus omnis hic. Ea ut qui sint explicabo.', 40, 1, 0, '1980-01-14 12:12:10');
INSERT INTO `messages_group` (`id`, `user_id`, `body`, `media_file_id`, `is_reading`, `is_delivered`, `created_at`) VALUES (41, 41, 'Velit maiores animi magni ad deserunt et. Excepturi nam sunt quo nihil nemo omnis. Ab voluptas earum iure accusamus voluptatibus.', 41, 1, 1, '2017-10-19 04:02:34');
INSERT INTO `messages_group` (`id`, `user_id`, `body`, `media_file_id`, `is_reading`, `is_delivered`, `created_at`) VALUES (42, 42, 'Eos temporibus adipisci repudiandae eveniet. Officia ipsa voluptatem repudiandae quisquam vel ut harum. Exercitationem cum necessitatibus esse assumenda.', 42, 0, 0, '1989-05-10 19:51:37');
INSERT INTO `messages_group` (`id`, `user_id`, `body`, `media_file_id`, `is_reading`, `is_delivered`, `created_at`) VALUES (43, 43, 'Enim qui non aut repellat ut labore. Dolores consequatur ducimus quisquam. Corporis est eligendi expedita mollitia qui nisi voluptas voluptates. Magnam quia aperiam exercitationem accusamus aut.', 43, 1, 1, '2018-02-11 03:05:35');
INSERT INTO `messages_group` (`id`, `user_id`, `body`, `media_file_id`, `is_reading`, `is_delivered`, `created_at`) VALUES (44, 44, 'Mollitia quos sunt voluptate quod laboriosam. Et quidem debitis eos quis in.', 44, 1, 0, '2019-08-16 00:51:14');
INSERT INTO `messages_group` (`id`, `user_id`, `body`, `media_file_id`, `is_reading`, `is_delivered`, `created_at`) VALUES (45, 45, 'Et beatae optio veniam quo tempore. Rem neque quae aut.', 45, 1, 0, '1986-03-12 12:58:04');
INSERT INTO `messages_group` (`id`, `user_id`, `body`, `media_file_id`, `is_reading`, `is_delivered`, `created_at`) VALUES (46, 46, 'Incidunt nulla dignissimos earum minus ea qui. Tenetur quos corporis error voluptates. Delectus laboriosam molestiae error mollitia voluptatem. Quo inventore et voluptas ex illo.', 46, 0, 1, '1983-11-13 12:08:18');
INSERT INTO `messages_group` (`id`, `user_id`, `body`, `media_file_id`, `is_reading`, `is_delivered`, `created_at`) VALUES (47, 47, 'Corrupti labore natus hic accusantium ab eveniet. Praesentium id qui est modi. Quod expedita in aspernatur sint saepe consequatur. Eligendi aperiam explicabo rem sint laudantium illo iure. Vel cumque quo corporis quibusdam.', 47, 1, 1, '1987-08-29 01:48:57');
INSERT INTO `messages_group` (`id`, `user_id`, `body`, `media_file_id`, `is_reading`, `is_delivered`, `created_at`) VALUES (48, 48, 'Maiores velit rerum asperiores. Architecto sunt possimus iure pariatur. Dolorem voluptatibus dolorum suscipit officia adipisci perspiciatis a.', 48, 1, 1, '1995-12-02 23:15:08');
INSERT INTO `messages_group` (`id`, `user_id`, `body`, `media_file_id`, `is_reading`, `is_delivered`, `created_at`) VALUES (49, 49, 'Saepe beatae architecto ut facilis amet. Sequi in et quidem et consequatur.', 49, 1, 0, '1991-05-19 19:55:53');
INSERT INTO `messages_group` (`id`, `user_id`, `body`, `media_file_id`, `is_reading`, `is_delivered`, `created_at`) VALUES (50, 50, 'Minus quisquam adipisci delectus nesciunt dolorum omnis. Praesentium qui asperiores blanditiis est aut. Voluptatem quasi eaque vero eius.', 50, 0, 1, '2017-08-14 12:06:41');
INSERT INTO `messages_group` (`id`, `user_id`, `body`, `media_file_id`, `is_reading`, `is_delivered`, `created_at`) VALUES (51, 1, 'Doloribus quia facilis voluptatibus soluta quam ex quo aspernatur. Rem ullam nihil aut dignissimos. Dolor architecto repudiandae dignissimos quibusdam sequi consequatur.', 1, 1, 1, '1987-01-23 05:39:21');
INSERT INTO `messages_group` (`id`, `user_id`, `body`, `media_file_id`, `is_reading`, `is_delivered`, `created_at`) VALUES (52, 2, 'Assumenda similique ut blanditiis ex ut. Sit sequi corrupti iusto eligendi. Dolores eos voluptate qui minus possimus saepe rerum recusandae. Soluta harum ipsum facilis asperiores saepe voluptatum officiis debitis.', 2, 0, 1, '1971-08-17 16:45:54');
INSERT INTO `messages_group` (`id`, `user_id`, `body`, `media_file_id`, `is_reading`, `is_delivered`, `created_at`) VALUES (53, 3, 'Commodi non quas iure delectus. Ea omnis quia molestiae sint temporibus. Rerum magnam dolorem dolorem esse aut sed. Sed aut quis temporibus non et praesentium aut distinctio.', 3, 0, 1, '2011-06-27 14:45:20');
INSERT INTO `messages_group` (`id`, `user_id`, `body`, `media_file_id`, `is_reading`, `is_delivered`, `created_at`) VALUES (54, 4, 'Iste alias voluptas similique aspernatur. Veritatis itaque optio fugiat eius neque veritatis. Odit eius animi in exercitationem odio. Excepturi voluptas aut autem consequatur officia.', 4, 1, 1, '2002-01-10 06:23:47');
INSERT INTO `messages_group` (`id`, `user_id`, `body`, `media_file_id`, `is_reading`, `is_delivered`, `created_at`) VALUES (55, 5, 'Dolorum provident dolor maiores rerum numquam est. Vel doloribus dolorem necessitatibus est fugit. Dicta saepe beatae non labore in ut.', 5, 0, 0, '1979-05-07 00:26:53');
INSERT INTO `messages_group` (`id`, `user_id`, `body`, `media_file_id`, `is_reading`, `is_delivered`, `created_at`) VALUES (56, 6, 'Ut quo totam est culpa sit recusandae. Ad quo dolorum repudiandae omnis qui aut. Numquam ducimus sit praesentium nemo maiores inventore sit corrupti. Illo rerum est architecto incidunt voluptatem est.', 6, 0, 1, '2010-03-22 22:34:35');
INSERT INTO `messages_group` (`id`, `user_id`, `body`, `media_file_id`, `is_reading`, `is_delivered`, `created_at`) VALUES (57, 7, 'Qui quod ut enim asperiores beatae voluptas sed. Quae illum quasi ea sint et. Praesentium architecto et dicta qui praesentium pariatur. Consectetur molestias asperiores qui illum voluptatem veniam qui. Quo consequatur doloremque et quia maxime excepturi.', 7, 0, 1, '1995-12-19 05:31:03');
INSERT INTO `messages_group` (`id`, `user_id`, `body`, `media_file_id`, `is_reading`, `is_delivered`, `created_at`) VALUES (58, 8, 'Totam nulla officiis autem repudiandae. Quo et iste error aut nemo delectus omnis dignissimos. Vitae eum id et aut ipsum accusamus exercitationem mollitia. Hic eaque praesentium dicta velit error voluptate voluptatem.', 8, 0, 0, '2012-08-12 22:55:49');
INSERT INTO `messages_group` (`id`, `user_id`, `body`, `media_file_id`, `is_reading`, `is_delivered`, `created_at`) VALUES (59, 9, 'Pariatur magni possimus deleniti neque voluptatem. Molestiae magni odit earum rerum atque. Fugiat recusandae magni et cupiditate et deleniti molestiae. Deleniti eos aut sit facilis.', 9, 0, 1, '1999-06-26 19:26:31');
INSERT INTO `messages_group` (`id`, `user_id`, `body`, `media_file_id`, `is_reading`, `is_delivered`, `created_at`) VALUES (60, 10, 'Exercitationem fugit fugiat dolorem voluptates repudiandae. Aperiam corrupti autem molestiae eaque. Autem consequatur laudantium aliquid sequi impedit eveniet repellat.', 10, 1, 1, '1995-04-21 16:09:39');
INSERT INTO `messages_group` (`id`, `user_id`, `body`, `media_file_id`, `is_reading`, `is_delivered`, `created_at`) VALUES (61, 11, 'Est in qui incidunt dicta autem accusamus. Atque neque a deleniti eligendi. Eius neque qui aliquam provident consequuntur sapiente consequatur. Recusandae voluptate itaque voluptatem ut.', 11, 0, 0, '1972-08-03 03:51:44');
INSERT INTO `messages_group` (`id`, `user_id`, `body`, `media_file_id`, `is_reading`, `is_delivered`, `created_at`) VALUES (62, 12, 'Molestiae et a esse voluptas a. Doloribus reiciendis modi omnis nam blanditiis. Officiis voluptatem beatae soluta quam nostrum. Qui perferendis similique est dignissimos corporis at voluptates eaque. Eaque ut corrupti iure quo beatae placeat dolorem.', 12, 1, 1, '1985-06-19 01:31:32');
INSERT INTO `messages_group` (`id`, `user_id`, `body`, `media_file_id`, `is_reading`, `is_delivered`, `created_at`) VALUES (63, 13, 'Autem sed quisquam accusantium sunt omnis suscipit et. Est eos corrupti rerum eligendi.', 13, 0, 0, '1994-02-10 10:14:05');
INSERT INTO `messages_group` (`id`, `user_id`, `body`, `media_file_id`, `is_reading`, `is_delivered`, `created_at`) VALUES (64, 14, 'Nobis ducimus voluptatem blanditiis magnam nihil. Excepturi ullam enim fugiat consequatur. Nobis consequuntur blanditiis repellat vero quidem impedit eligendi quo.', 14, 0, 1, '1994-02-15 22:21:42');
INSERT INTO `messages_group` (`id`, `user_id`, `body`, `media_file_id`, `is_reading`, `is_delivered`, `created_at`) VALUES (65, 15, 'Dicta veniam autem architecto consectetur minus qui. Omnis necessitatibus nulla ut sit. Et in impedit quas temporibus. Dignissimos officia qui eligendi recusandae magnam. Nesciunt quibusdam modi rerum quos.', 15, 1, 0, '1971-12-12 09:34:40');
INSERT INTO `messages_group` (`id`, `user_id`, `body`, `media_file_id`, `is_reading`, `is_delivered`, `created_at`) VALUES (66, 16, 'Animi et et ea omnis et repudiandae adipisci. Omnis voluptatem nobis id aliquid. Maiores ea dolor necessitatibus provident voluptatem quam. Ullam distinctio aliquid cumque et odio.', 16, 0, 0, '1996-01-07 02:40:17');
INSERT INTO `messages_group` (`id`, `user_id`, `body`, `media_file_id`, `is_reading`, `is_delivered`, `created_at`) VALUES (67, 17, 'Sed amet rem quam maiores eaque ullam blanditiis. Iste sit quis velit cupiditate ut. Unde doloribus soluta incidunt harum illum pariatur eum doloremque. Pariatur vitae non aut occaecati velit.', 17, 1, 0, '1970-03-02 14:04:08');
INSERT INTO `messages_group` (`id`, `user_id`, `body`, `media_file_id`, `is_reading`, `is_delivered`, `created_at`) VALUES (68, 18, 'Sint dolor pariatur voluptas veniam consequatur et. Et ipsam numquam sunt quaerat. Dolorum ullam asperiores qui quia molestiae reiciendis est. Eos molestiae commodi hic esse quibusdam hic magni. Deserunt numquam nemo sit dolorum officia.', 18, 1, 0, '2005-10-18 01:29:36');
INSERT INTO `messages_group` (`id`, `user_id`, `body`, `media_file_id`, `is_reading`, `is_delivered`, `created_at`) VALUES (69, 19, 'Voluptatem in culpa suscipit distinctio minima quam. Eum facilis magni quia. Et assumenda ut nesciunt totam error reiciendis.', 19, 0, 0, '1995-10-19 17:31:32');
INSERT INTO `messages_group` (`id`, `user_id`, `body`, `media_file_id`, `is_reading`, `is_delivered`, `created_at`) VALUES (70, 20, 'Quis natus fugiat repellat minus officiis accusamus. Exercitationem omnis voluptate atque totam voluptates dolores nesciunt. Ut veritatis et blanditiis voluptatem quaerat sit velit nemo. Nihil id veniam ratione recusandae laudantium animi aperiam.', 20, 1, 0, '2004-10-12 18:37:20');
INSERT INTO `messages_group` (`id`, `user_id`, `body`, `media_file_id`, `is_reading`, `is_delivered`, `created_at`) VALUES (71, 21, 'Ab nobis provident dolorem eaque non. Officia doloremque omnis quis et. Iste minus error in aut. Est eligendi et nesciunt.', 21, 0, 1, '2009-05-13 10:17:11');
INSERT INTO `messages_group` (`id`, `user_id`, `body`, `media_file_id`, `is_reading`, `is_delivered`, `created_at`) VALUES (72, 22, 'Dolorum natus velit cupiditate et et voluptas nihil. Voluptate quia nulla est dolores sunt. Sed aut dolorum illo corporis accusantium quia facere. Facilis neque similique reprehenderit modi saepe.', 22, 0, 0, '1994-11-30 15:31:31');
INSERT INTO `messages_group` (`id`, `user_id`, `body`, `media_file_id`, `is_reading`, `is_delivered`, `created_at`) VALUES (73, 23, 'Aut excepturi est et suscipit laudantium quibusdam. Qui eveniet autem numquam id dolor dolores tenetur esse. Aut libero rerum eum nesciunt quia quas. Voluptas ut aut facere doloribus repellendus. Facere eos omnis nihil ut sunt rerum dolor.', 23, 0, 0, '2018-01-26 07:30:50');
INSERT INTO `messages_group` (`id`, `user_id`, `body`, `media_file_id`, `is_reading`, `is_delivered`, `created_at`) VALUES (74, 24, 'Ut qui ut inventore voluptate ut dicta. Repellat tenetur earum eligendi blanditiis doloremque ipsam odio. Et id odit quos sed animi. Perspiciatis ad optio aut.', 24, 1, 1, '2010-05-29 23:28:50');
INSERT INTO `messages_group` (`id`, `user_id`, `body`, `media_file_id`, `is_reading`, `is_delivered`, `created_at`) VALUES (75, 25, 'Illum est rem laborum eaque enim ut repellendus. Cumque consequatur iusto eveniet suscipit. Sunt unde vitae commodi provident quisquam nulla eveniet.', 25, 1, 0, '1972-06-25 13:03:38');
INSERT INTO `messages_group` (`id`, `user_id`, `body`, `media_file_id`, `is_reading`, `is_delivered`, `created_at`) VALUES (76, 26, 'Atque dolor occaecati vero aut ad reprehenderit illum. Ad et deserunt nulla est tenetur. Quaerat laboriosam minima commodi repellat voluptatibus modi.', 26, 1, 0, '1977-12-08 02:35:59');
INSERT INTO `messages_group` (`id`, `user_id`, `body`, `media_file_id`, `is_reading`, `is_delivered`, `created_at`) VALUES (77, 27, 'Quia dolore velit eos similique ut perferendis est. Eum consequatur tenetur assumenda. Et dolore hic perspiciatis quis.', 27, 1, 1, '2004-08-19 10:28:27');
INSERT INTO `messages_group` (`id`, `user_id`, `body`, `media_file_id`, `is_reading`, `is_delivered`, `created_at`) VALUES (78, 28, 'Aut amet aut sint optio amet. Excepturi aut consequatur eum ut id. Qui sunt eligendi saepe eos. Consequatur quia qui qui adipisci voluptate accusamus.', 28, 0, 0, '2018-01-14 15:49:29');
INSERT INTO `messages_group` (`id`, `user_id`, `body`, `media_file_id`, `is_reading`, `is_delivered`, `created_at`) VALUES (79, 29, 'Omnis fuga reiciendis ullam voluptas qui. Est consequatur tempora aperiam molestias quae dolore.', 29, 0, 1, '1981-12-18 22:38:58');
INSERT INTO `messages_group` (`id`, `user_id`, `body`, `media_file_id`, `is_reading`, `is_delivered`, `created_at`) VALUES (80, 30, 'Ut ad rerum consequatur fugiat. Vel qui est esse blanditiis nihil et. Labore qui odit cum quaerat iure non.', 30, 1, 0, '1980-05-14 22:56:40');
INSERT INTO `messages_group` (`id`, `user_id`, `body`, `media_file_id`, `is_reading`, `is_delivered`, `created_at`) VALUES (81, 31, 'Facilis consequatur error ut soluta. Aspernatur velit voluptatem laborum dolores velit. Dolore tenetur eligendi nostrum earum cupiditate.', 31, 0, 0, '1994-02-25 00:09:20');
INSERT INTO `messages_group` (`id`, `user_id`, `body`, `media_file_id`, `is_reading`, `is_delivered`, `created_at`) VALUES (82, 32, 'Quaerat quidem quasi perferendis autem. Itaque quas ullam iure ea voluptatem sed deserunt.', 32, 1, 1, '2008-05-03 12:43:05');
INSERT INTO `messages_group` (`id`, `user_id`, `body`, `media_file_id`, `is_reading`, `is_delivered`, `created_at`) VALUES (83, 33, 'Tempora sed nihil et voluptas culpa odit. Fugit quibusdam pariatur saepe voluptatem dicta error. Deleniti eligendi harum sequi non rem dolor rerum.', 33, 1, 0, '1973-01-25 19:12:02');
INSERT INTO `messages_group` (`id`, `user_id`, `body`, `media_file_id`, `is_reading`, `is_delivered`, `created_at`) VALUES (84, 34, 'Delectus et aut harum alias non. Temporibus expedita nihil et. Ut rerum nisi enim voluptas. Suscipit iure et sed illum qui ipsum vitae.', 34, 1, 0, '2019-12-10 07:30:07');
INSERT INTO `messages_group` (`id`, `user_id`, `body`, `media_file_id`, `is_reading`, `is_delivered`, `created_at`) VALUES (85, 35, 'Distinctio nihil provident culpa laudantium. Magni ut fuga neque officiis omnis dolores. Sit ipsam tempore accusamus reprehenderit. Perspiciatis autem nihil nostrum sint non. Qui molestias distinctio architecto doloremque ea vitae.', 35, 1, 0, '1973-11-16 05:55:52');
INSERT INTO `messages_group` (`id`, `user_id`, `body`, `media_file_id`, `is_reading`, `is_delivered`, `created_at`) VALUES (86, 36, 'Expedita atque earum doloribus fuga nesciunt quaerat. Beatae voluptas a at occaecati sed ut autem. Ut cupiditate qui aliquid dolore pariatur. Ad dolorem omnis recusandae voluptas recusandae.', 36, 1, 0, '1970-07-07 22:28:12');
INSERT INTO `messages_group` (`id`, `user_id`, `body`, `media_file_id`, `is_reading`, `is_delivered`, `created_at`) VALUES (87, 37, 'Quia architecto consequatur a. Ducimus deserunt fugiat impedit quae nulla soluta eos.', 37, 0, 1, '2017-09-01 22:47:47');
INSERT INTO `messages_group` (`id`, `user_id`, `body`, `media_file_id`, `is_reading`, `is_delivered`, `created_at`) VALUES (88, 38, 'Ipsam dolores deserunt doloribus. Voluptas dicta molestias distinctio quos eligendi cumque eum alias. Quasi nesciunt consectetur eum eos nobis incidunt molestiae. Enim deserunt ab sed velit omnis a.', 38, 0, 0, '2008-04-02 20:59:17');
INSERT INTO `messages_group` (`id`, `user_id`, `body`, `media_file_id`, `is_reading`, `is_delivered`, `created_at`) VALUES (89, 39, 'Non repudiandae voluptas sed quaerat consequuntur. Voluptatem repudiandae voluptates est vitae voluptatem nihil. Non ut dignissimos consequuntur ut.', 39, 1, 1, '2014-07-16 04:26:55');
INSERT INTO `messages_group` (`id`, `user_id`, `body`, `media_file_id`, `is_reading`, `is_delivered`, `created_at`) VALUES (90, 40, 'Qui dolor temporibus in facere tempore. Velit autem necessitatibus laboriosam in omnis officiis. Dolores iste pariatur repellat provident autem eveniet. Odit rerum qui eaque doloribus molestiae tempore dolorem.', 40, 0, 0, '1982-04-14 13:40:34');
INSERT INTO `messages_group` (`id`, `user_id`, `body`, `media_file_id`, `is_reading`, `is_delivered`, `created_at`) VALUES (91, 41, 'Rerum amet vitae ullam quo sit eum perspiciatis. Nostrum quas nulla consequatur earum quasi expedita. Sunt ipsa non voluptatem adipisci qui non sit numquam. Porro voluptas fugiat perspiciatis tenetur ad veritatis.', 41, 1, 1, '1997-10-01 20:56:00');
INSERT INTO `messages_group` (`id`, `user_id`, `body`, `media_file_id`, `is_reading`, `is_delivered`, `created_at`) VALUES (92, 42, 'Veniam odit ullam nihil quaerat enim iusto. Molestias quo corrupti ipsam blanditiis. Exercitationem laboriosam soluta porro excepturi quae. Nulla placeat quia est.', 42, 1, 0, '2012-05-15 06:27:55');
INSERT INTO `messages_group` (`id`, `user_id`, `body`, `media_file_id`, `is_reading`, `is_delivered`, `created_at`) VALUES (93, 43, 'Ducimus sunt dolore nam qui quis sapiente ex. Dolorum aperiam facilis qui et tempora. Quis sed doloremque odio vitae magnam doloribus. Esse laborum nostrum cupiditate.', 43, 1, 1, '2013-06-27 18:28:48');
INSERT INTO `messages_group` (`id`, `user_id`, `body`, `media_file_id`, `is_reading`, `is_delivered`, `created_at`) VALUES (94, 44, 'Magnam provident recusandae inventore. Quis est eum aliquam eaque nihil laudantium. Veniam et et repudiandae. Aut dolor voluptatem ipsum a corporis voluptates.', 44, 1, 1, '1977-03-20 19:47:33');
INSERT INTO `messages_group` (`id`, `user_id`, `body`, `media_file_id`, `is_reading`, `is_delivered`, `created_at`) VALUES (95, 45, 'Aut reiciendis sed ab. Magni delectus quod sit sapiente et. Non et molestiae excepturi possimus et illum.', 45, 0, 1, '2009-10-17 01:20:21');
INSERT INTO `messages_group` (`id`, `user_id`, `body`, `media_file_id`, `is_reading`, `is_delivered`, `created_at`) VALUES (96, 46, 'Suscipit quos aut rerum illo dolor atque laudantium. Accusamus blanditiis voluptas repellendus sit. Incidunt distinctio quidem dolorem aliquid id fuga ducimus.', 46, 1, 0, '1987-12-23 16:54:29');
INSERT INTO `messages_group` (`id`, `user_id`, `body`, `media_file_id`, `is_reading`, `is_delivered`, `created_at`) VALUES (97, 47, 'Voluptatem ullam aperiam quos aut maxime. Sapiente error ut eos at. Magnam tempore illo aut voluptatibus ullam odit repudiandae.', 47, 1, 1, '2003-12-02 01:15:47');
INSERT INTO `messages_group` (`id`, `user_id`, `body`, `media_file_id`, `is_reading`, `is_delivered`, `created_at`) VALUES (98, 48, 'Libero aliquam laboriosam fuga deleniti consequatur eos illo nesciunt. Maxime velit ea assumenda molestias id sit nemo. Amet recusandae saepe minima id.', 48, 0, 1, '1992-12-12 05:15:12');
INSERT INTO `messages_group` (`id`, `user_id`, `body`, `media_file_id`, `is_reading`, `is_delivered`, `created_at`) VALUES (99, 49, 'Vel ullam nam voluptatem eaque. Ea voluptate excepturi in omnis sint.', 49, 1, 0, '2016-09-14 16:45:46');
INSERT INTO `messages_group` (`id`, `user_id`, `body`, `media_file_id`, `is_reading`, `is_delivered`, `created_at`) VALUES (100, 50, 'Et occaecati recusandae illum enim. Fugiat deserunt quaerat ut reprehenderit. Libero voluptas culpa nihil velit tenetur laudantium. Ab itaque consequuntur consequatur ut omnis quaerat at dolorum.', 50, 0, 0, '2009-01-21 15:53:46');


#
# TABLE STRUCTURE FOR: posts
#

DROP TABLE IF EXISTS `posts`;

CREATE TABLE `posts` (
  `id` int(10) unsigned NOT NULL AUTO_INCREMENT COMMENT 'Идентификатор строки',
  `user_id` int(10) unsigned NOT NULL COMMENT 'идентификатор пользователя',
  `body` text COLLATE utf8_unicode_ci DEFAULT NULL COMMENT 'Текст поста',
  `media_file_id` int(10) unsigned DEFAULT NULL COMMENT 'Медиа файл',
  `is_public` tinyint(1) DEFAULT 1,
  `is_archived` tinyint(1) DEFAULT 0,
  `created_at` datetime DEFAULT current_timestamp(),
  `updated_at` datetime DEFAULT current_timestamp() ON UPDATE current_timestamp(),
  PRIMARY KEY (`id`)
) ENGINE=InnoDB AUTO_INCREMENT=101 DEFAULT CHARSET=utf8 COLLATE=utf8_unicode_ci;

INSERT INTO `posts` (`id`, `user_id`, `body`, `media_file_id`, `is_public`, `is_archived`, `created_at`, `updated_at`) VALUES (1, 1, 'Ab excepturi recusandae eius dolorem doloribus et possimus beatae. Quae ab impedit rerum eum illum reprehenderit voluptas a. Saepe exercitationem quo iusto et.', 1, 0, 0, '2016-11-23 23:22:45', '2013-08-13 09:56:16');
INSERT INTO `posts` (`id`, `user_id`, `body`, `media_file_id`, `is_public`, `is_archived`, `created_at`, `updated_at`) VALUES (2, 2, 'Distinctio quaerat dolor veniam voluptatem blanditiis soluta sed et. Est molestias perferendis iusto sed qui ut quas recusandae. Aut excepturi rerum qui natus. Unde occaecati quae porro repellendus nostrum eaque sit.', 2, 0, 0, '1981-11-25 01:12:57', '1992-12-07 11:24:09');
INSERT INTO `posts` (`id`, `user_id`, `body`, `media_file_id`, `is_public`, `is_archived`, `created_at`, `updated_at`) VALUES (3, 3, 'Molestiae rem laudantium et sit nihil voluptatem quis beatae. Quae voluptate debitis quaerat rerum ipsa.', 3, 0, 0, '1972-09-29 03:44:29', '1975-10-09 15:25:57');
INSERT INTO `posts` (`id`, `user_id`, `body`, `media_file_id`, `is_public`, `is_archived`, `created_at`, `updated_at`) VALUES (4, 4, 'Eveniet beatae et perferendis voluptatem dolorem fuga. Impedit consequuntur culpa similique qui qui dolores. Et distinctio velit beatae.', 4, 0, 0, '1975-09-21 14:46:00', '2020-04-24 02:55:12');
INSERT INTO `posts` (`id`, `user_id`, `body`, `media_file_id`, `is_public`, `is_archived`, `created_at`, `updated_at`) VALUES (5, 5, 'Sint odit eos consequuntur cumque facere occaecati. Vitae amet laudantium velit ullam voluptatem quia. Dolor quo eum ut voluptates quo.', 5, 1, 0, '1981-10-21 09:14:04', '2000-07-27 16:48:06');
INSERT INTO `posts` (`id`, `user_id`, `body`, `media_file_id`, `is_public`, `is_archived`, `created_at`, `updated_at`) VALUES (6, 6, 'Voluptatum harum velit dolores harum ducimus. Necessitatibus dolor nemo quasi et magni possimus ipsa. Possimus repudiandae eligendi consequatur. Aliquid omnis rerum maxime ullam. Fugiat omnis quaerat velit libero similique nemo quia.', 6, 0, 1, '1981-05-18 06:46:05', '2015-05-20 10:15:03');
INSERT INTO `posts` (`id`, `user_id`, `body`, `media_file_id`, `is_public`, `is_archived`, `created_at`, `updated_at`) VALUES (7, 7, 'Est dolorum qui aliquid iusto eum illo aut. Consequatur velit ipsum a. Doloremque consectetur hic nihil dolor omnis dolores voluptatum. Debitis consequuntur culpa velit sit dolores minima nam.', 7, 1, 0, '1981-11-09 23:38:09', '1999-03-06 23:31:34');
INSERT INTO `posts` (`id`, `user_id`, `body`, `media_file_id`, `is_public`, `is_archived`, `created_at`, `updated_at`) VALUES (8, 8, 'Optio minus harum itaque labore aspernatur id ut. Rerum reiciendis sit dicta id et. Recusandae culpa quo magni similique consequatur officia veritatis.', 8, 1, 1, '2011-12-16 07:23:14', '1994-10-17 04:04:39');
INSERT INTO `posts` (`id`, `user_id`, `body`, `media_file_id`, `is_public`, `is_archived`, `created_at`, `updated_at`) VALUES (9, 9, 'Omnis voluptas qui iusto voluptas non molestiae. Nam magnam temporibus eligendi qui. Itaque distinctio accusantium sed officiis ab.', 9, 1, 0, '1993-04-17 02:31:29', '2020-03-22 05:55:35');
INSERT INTO `posts` (`id`, `user_id`, `body`, `media_file_id`, `is_public`, `is_archived`, `created_at`, `updated_at`) VALUES (10, 10, 'Architecto quia iusto perspiciatis. Sit nihil aliquid blanditiis suscipit ut minus natus. Porro sit ullam ut quis rerum inventore doloribus qui. Enim recusandae pariatur quae quod dolore quasi velit.', 10, 1, 0, '2009-12-15 18:42:14', '1987-08-07 16:09:52');
INSERT INTO `posts` (`id`, `user_id`, `body`, `media_file_id`, `is_public`, `is_archived`, `created_at`, `updated_at`) VALUES (11, 11, 'Placeat nihil voluptatem aliquid quis eaque. Nisi adipisci et recusandae fugiat. Maxime est sit non. Accusantium quasi velit voluptatem dolor provident qui. Provident quia aut harum.', 11, 0, 0, '1975-11-19 06:04:30', '1981-07-08 11:53:22');
INSERT INTO `posts` (`id`, `user_id`, `body`, `media_file_id`, `is_public`, `is_archived`, `created_at`, `updated_at`) VALUES (12, 12, 'Quod quas nemo soluta. Ut excepturi eum et quos perferendis. Iusto quod magnam mollitia rem. Eos asperiores quam minus ipsam unde enim rerum quia.', 12, 1, 0, '1975-06-06 15:17:44', '2002-10-18 22:30:26');
INSERT INTO `posts` (`id`, `user_id`, `body`, `media_file_id`, `is_public`, `is_archived`, `created_at`, `updated_at`) VALUES (13, 13, 'In aut odit ea facilis. Cum nobis laborum eum quos eius eos. Sed quas aut consequatur repellendus libero quo.', 13, 1, 1, '2019-11-16 07:59:02', '1994-12-27 06:29:16');
INSERT INTO `posts` (`id`, `user_id`, `body`, `media_file_id`, `is_public`, `is_archived`, `created_at`, `updated_at`) VALUES (14, 14, 'Sit eum est quidem sed unde id nesciunt. Sed excepturi inventore ea labore porro distinctio accusantium laudantium. Saepe sint ex laboriosam nulla dolor laborum suscipit.', 14, 0, 1, '1988-10-12 15:23:15', '1974-08-31 08:12:00');
INSERT INTO `posts` (`id`, `user_id`, `body`, `media_file_id`, `is_public`, `is_archived`, `created_at`, `updated_at`) VALUES (15, 15, 'Non esse necessitatibus quasi aliquam et. Magni est nihil voluptatum ad. Consequatur repellat distinctio corrupti odit tenetur rerum et. Quo eius blanditiis autem.', 15, 1, 1, '1989-08-07 22:35:24', '1998-05-16 02:29:49');
INSERT INTO `posts` (`id`, `user_id`, `body`, `media_file_id`, `is_public`, `is_archived`, `created_at`, `updated_at`) VALUES (16, 16, 'Sunt quia totam incidunt quidem et autem. Adipisci possimus vitae nihil et veritatis eaque ut et. Suscipit nostrum molestias non. Laboriosam incidunt in eveniet eos.', 16, 0, 1, '1987-03-29 21:04:49', '1980-09-07 05:25:28');
INSERT INTO `posts` (`id`, `user_id`, `body`, `media_file_id`, `is_public`, `is_archived`, `created_at`, `updated_at`) VALUES (17, 17, 'Distinctio repellat asperiores reiciendis in facere et eum magnam. Asperiores sequi nisi voluptate sed.', 17, 0, 1, '2004-05-23 06:03:49', '2009-07-27 15:00:13');
INSERT INTO `posts` (`id`, `user_id`, `body`, `media_file_id`, `is_public`, `is_archived`, `created_at`, `updated_at`) VALUES (18, 18, 'Earum ipsa vel ut eius itaque adipisci dolorem. Numquam debitis non explicabo non. Odio placeat assumenda facilis et modi.', 18, 0, 1, '1982-02-11 22:35:23', '1997-02-27 02:42:22');
INSERT INTO `posts` (`id`, `user_id`, `body`, `media_file_id`, `is_public`, `is_archived`, `created_at`, `updated_at`) VALUES (19, 19, 'Commodi ducimus omnis praesentium aliquid non. Eos aperiam omnis cupiditate soluta a dicta ut. Ducimus exercitationem impedit eligendi animi et.', 19, 0, 0, '1976-08-12 14:46:36', '2015-03-13 09:47:04');
INSERT INTO `posts` (`id`, `user_id`, `body`, `media_file_id`, `is_public`, `is_archived`, `created_at`, `updated_at`) VALUES (20, 20, 'Temporibus rerum autem enim accusantium qui illo sapiente et. Iste asperiores ea impedit officiis nisi molestiae illum aut. Aut laborum sint magnam similique.', 20, 0, 1, '1975-09-20 09:45:15', '1975-12-25 19:15:17');
INSERT INTO `posts` (`id`, `user_id`, `body`, `media_file_id`, `is_public`, `is_archived`, `created_at`, `updated_at`) VALUES (21, 21, 'Dolor officia eos non nesciunt. Enim vero vero explicabo fuga atque.', 21, 0, 1, '1990-05-12 15:10:16', '1977-10-04 21:08:20');
INSERT INTO `posts` (`id`, `user_id`, `body`, `media_file_id`, `is_public`, `is_archived`, `created_at`, `updated_at`) VALUES (22, 22, 'Et molestias quasi ratione ullam reiciendis. Consectetur optio quisquam qui repellat. Error ad enim eos omnis dolores iure accusantium sint. Consequatur tenetur voluptas quia dolores veniam.', 22, 0, 1, '2006-07-28 16:29:24', '1983-03-04 06:07:53');
INSERT INTO `posts` (`id`, `user_id`, `body`, `media_file_id`, `is_public`, `is_archived`, `created_at`, `updated_at`) VALUES (23, 23, 'Ipsa soluta blanditiis et ut. Quidem rerum asperiores earum quo. Sint ipsum rem natus nisi reprehenderit facere id.', 23, 0, 1, '1978-12-23 13:32:51', '1983-09-15 18:11:53');
INSERT INTO `posts` (`id`, `user_id`, `body`, `media_file_id`, `is_public`, `is_archived`, `created_at`, `updated_at`) VALUES (24, 24, 'Veniam nobis cupiditate distinctio voluptatem. Sit labore maiores cumque voluptatem minima dolores. Soluta quia iusto rerum rerum est velit.', 24, 1, 1, '2012-09-01 03:51:08', '1975-09-27 07:58:44');
INSERT INTO `posts` (`id`, `user_id`, `body`, `media_file_id`, `is_public`, `is_archived`, `created_at`, `updated_at`) VALUES (25, 25, 'Sit omnis velit adipisci perspiciatis. Ullam pariatur explicabo ipsam distinctio omnis adipisci. Quaerat nemo quos eaque inventore.', 25, 0, 1, '1981-04-02 13:09:50', '1980-08-22 15:44:07');
INSERT INTO `posts` (`id`, `user_id`, `body`, `media_file_id`, `is_public`, `is_archived`, `created_at`, `updated_at`) VALUES (26, 26, 'Et voluptatem quaerat sed et dolores alias officiis. Iusto impedit saepe et deserunt consequatur. Et saepe ad quia dolore. Porro qui ullam blanditiis animi aut nam velit amet.', 26, 1, 1, '1984-06-16 05:44:15', '1995-01-28 06:06:47');
INSERT INTO `posts` (`id`, `user_id`, `body`, `media_file_id`, `is_public`, `is_archived`, `created_at`, `updated_at`) VALUES (27, 27, 'Molestias harum debitis at eaque earum. Vel earum ut aliquid rerum. Quis molestias nemo et libero non vel. Quo asperiores dolores amet.', 27, 0, 0, '2005-09-09 09:15:01', '2011-11-09 15:52:24');
INSERT INTO `posts` (`id`, `user_id`, `body`, `media_file_id`, `is_public`, `is_archived`, `created_at`, `updated_at`) VALUES (28, 28, 'Quaerat hic qui odit dolor debitis suscipit et ad. Omnis rerum alias sit sed repellendus ut ad. Quos doloremque ea ut commodi.', 28, 0, 0, '2012-03-01 10:24:47', '2001-09-20 06:47:21');
INSERT INTO `posts` (`id`, `user_id`, `body`, `media_file_id`, `is_public`, `is_archived`, `created_at`, `updated_at`) VALUES (29, 29, 'Voluptas quaerat atque qui maiores. Dicta quo deleniti officia. Sint consequuntur qui voluptatibus qui provident est quaerat.', 29, 0, 1, '1993-08-28 18:53:00', '2007-11-13 07:34:13');
INSERT INTO `posts` (`id`, `user_id`, `body`, `media_file_id`, `is_public`, `is_archived`, `created_at`, `updated_at`) VALUES (30, 30, 'Nihil sapiente ipsa molestias rerum odit. Modi et non numquam occaecati sed dolorum tenetur sed. Nulla maiores minus atque necessitatibus.', 30, 1, 0, '2006-10-29 10:11:37', '2007-08-30 00:45:43');
INSERT INTO `posts` (`id`, `user_id`, `body`, `media_file_id`, `is_public`, `is_archived`, `created_at`, `updated_at`) VALUES (31, 31, 'Molestias vitae quas tempora consequatur nisi nihil exercitationem. Tempore veritatis provident minus sit omnis id dicta eligendi. Soluta et dolorem beatae.', 31, 1, 1, '2006-07-24 06:53:30', '1981-11-18 14:23:59');
INSERT INTO `posts` (`id`, `user_id`, `body`, `media_file_id`, `is_public`, `is_archived`, `created_at`, `updated_at`) VALUES (32, 32, 'Maxime rerum ut velit molestias minima dolores voluptatem. Necessitatibus cupiditate at quia vel quia aut iure ut. Expedita explicabo harum voluptates tempora fuga perferendis.', 32, 0, 0, '2018-10-25 00:27:14', '1996-06-23 23:14:46');
INSERT INTO `posts` (`id`, `user_id`, `body`, `media_file_id`, `is_public`, `is_archived`, `created_at`, `updated_at`) VALUES (33, 33, 'Molestiae debitis velit suscipit. Ipsa quod voluptatibus impedit dolorem officia natus. Cum fugiat excepturi dolor error.', 33, 0, 1, '1987-05-10 22:47:53', '1972-07-07 04:54:58');
INSERT INTO `posts` (`id`, `user_id`, `body`, `media_file_id`, `is_public`, `is_archived`, `created_at`, `updated_at`) VALUES (34, 34, 'Nesciunt sed ut perferendis. Ut aut harum omnis fuga iusto tempore quos. Optio sed modi voluptates non. Voluptas accusamus facere sed non ut eos.', 34, 1, 1, '1990-11-03 18:15:23', '2010-06-27 23:05:16');
INSERT INTO `posts` (`id`, `user_id`, `body`, `media_file_id`, `is_public`, `is_archived`, `created_at`, `updated_at`) VALUES (35, 35, 'Laboriosam minus ad non assumenda est itaque nisi. Repellat non voluptas modi quia. Dicta aut aliquam quia dolores voluptatem corrupti. Quasi rerum praesentium beatae cumque cupiditate enim aut. Optio autem sed laborum optio vero accusantium.', 35, 0, 0, '2015-01-03 04:25:12', '2020-05-22 13:51:40');
INSERT INTO `posts` (`id`, `user_id`, `body`, `media_file_id`, `is_public`, `is_archived`, `created_at`, `updated_at`) VALUES (36, 36, 'Quisquam quis quasi ab. Repellat inventore expedita molestiae. Corporis aut molestias ab iusto modi et. Perspiciatis illo delectus in repellat molestiae hic reiciendis voluptatem. Fugiat distinctio maiores magni sint repellendus praesentium sapiente aspernatur.', 36, 0, 1, '1995-05-09 13:58:21', '2015-05-01 22:29:20');
INSERT INTO `posts` (`id`, `user_id`, `body`, `media_file_id`, `is_public`, `is_archived`, `created_at`, `updated_at`) VALUES (37, 37, 'Eligendi sit commodi rem quidem. Deserunt repudiandae ad ullam quis odio eveniet. Quia odio quis nihil. Inventore temporibus qui ad consectetur.', 37, 1, 0, '1982-01-10 01:20:02', '1993-11-24 15:49:05');
INSERT INTO `posts` (`id`, `user_id`, `body`, `media_file_id`, `is_public`, `is_archived`, `created_at`, `updated_at`) VALUES (38, 38, 'Nostrum animi et unde asperiores quia iste. Provident quisquam voluptatibus sed itaque. Aut et corrupti nulla et aut mollitia. Eius maxime natus et ut alias hic.', 38, 0, 0, '1981-02-17 19:30:58', '1999-10-01 12:54:17');
INSERT INTO `posts` (`id`, `user_id`, `body`, `media_file_id`, `is_public`, `is_archived`, `created_at`, `updated_at`) VALUES (39, 39, 'Facilis necessitatibus distinctio sunt esse aliquam consequatur. Necessitatibus a sunt et amet enim. Sit quo corporis ut quam voluptas commodi ratione. Architecto quibusdam nostrum saepe autem voluptatum et.', 39, 0, 0, '2014-12-01 00:14:16', '1994-10-21 09:26:56');
INSERT INTO `posts` (`id`, `user_id`, `body`, `media_file_id`, `is_public`, `is_archived`, `created_at`, `updated_at`) VALUES (40, 40, 'Quaerat iure expedita reiciendis. Optio sint quia eos laudantium aspernatur non. Enim consequatur quidem iure placeat. Soluta facilis laudantium accusamus est aut praesentium.', 40, 0, 0, '1994-05-17 21:43:12', '2016-11-29 20:43:25');
INSERT INTO `posts` (`id`, `user_id`, `body`, `media_file_id`, `is_public`, `is_archived`, `created_at`, `updated_at`) VALUES (41, 41, 'Iusto id numquam consequuntur. Et blanditiis accusantium repudiandae consequatur ut vero eum. Asperiores commodi consectetur pariatur ducimus magni sed. Dolore illo maxime dolor a.', 41, 0, 0, '2007-11-06 03:29:00', '2006-02-06 13:42:23');
INSERT INTO `posts` (`id`, `user_id`, `body`, `media_file_id`, `is_public`, `is_archived`, `created_at`, `updated_at`) VALUES (42, 42, 'Amet sit aut est blanditiis cum exercitationem. Excepturi aspernatur perferendis veritatis placeat. Culpa minus aut id sequi quas facere sit.', 42, 1, 0, '2008-01-06 21:35:45', '2016-06-19 21:36:21');
INSERT INTO `posts` (`id`, `user_id`, `body`, `media_file_id`, `is_public`, `is_archived`, `created_at`, `updated_at`) VALUES (43, 43, 'Aliquam aut modi odit aut aliquid. Laborum facilis in amet id. Neque consectetur et odit veritatis temporibus. Eum qui ex id dolore totam exercitationem.', 43, 0, 1, '1987-10-13 13:24:09', '1972-10-01 21:01:50');
INSERT INTO `posts` (`id`, `user_id`, `body`, `media_file_id`, `is_public`, `is_archived`, `created_at`, `updated_at`) VALUES (44, 44, 'Est consectetur optio consectetur molestias incidunt. Officia et delectus fuga itaque. Ducimus sint accusamus modi sequi autem necessitatibus. Voluptas ad est error voluptas animi molestias.', 44, 1, 0, '2002-05-06 09:18:18', '1981-03-05 03:23:08');
INSERT INTO `posts` (`id`, `user_id`, `body`, `media_file_id`, `is_public`, `is_archived`, `created_at`, `updated_at`) VALUES (45, 45, 'Ut vitae a minima maiores voluptatem deleniti. Ut temporibus hic ad optio sapiente doloribus omnis. Quaerat unde omnis quo quibusdam deleniti. Necessitatibus reprehenderit ea inventore.', 45, 1, 0, '1995-08-07 02:59:06', '1975-05-03 03:38:36');
INSERT INTO `posts` (`id`, `user_id`, `body`, `media_file_id`, `is_public`, `is_archived`, `created_at`, `updated_at`) VALUES (46, 46, 'Dolore optio inventore impedit. Illo accusantium eos vero sequi pariatur. Temporibus consectetur laborum magnam soluta.', 46, 1, 1, '2004-02-24 22:11:36', '2018-02-07 19:12:42');
INSERT INTO `posts` (`id`, `user_id`, `body`, `media_file_id`, `is_public`, `is_archived`, `created_at`, `updated_at`) VALUES (47, 47, 'A cumque unde quia nihil sapiente amet excepturi. Voluptatem ea repellat mollitia ab quia. Nostrum sit nemo molestiae quia eos.', 47, 0, 1, '2015-10-05 07:28:16', '1987-08-07 13:02:23');
INSERT INTO `posts` (`id`, `user_id`, `body`, `media_file_id`, `is_public`, `is_archived`, `created_at`, `updated_at`) VALUES (48, 48, 'Blanditiis voluptatem necessitatibus qui ut est nam nulla. Aut voluptatem dolores nisi ut. Maxime perspiciatis quis vel aliquid.', 48, 0, 1, '2002-01-20 12:27:08', '1984-10-31 00:05:35');
INSERT INTO `posts` (`id`, `user_id`, `body`, `media_file_id`, `is_public`, `is_archived`, `created_at`, `updated_at`) VALUES (49, 49, 'Fugiat alias laudantium perferendis pariatur. Dolorum reprehenderit quia reprehenderit sequi. Quasi aliquam exercitationem similique odit qui.', 49, 0, 1, '2012-08-18 03:40:51', '2009-06-17 00:11:13');
INSERT INTO `posts` (`id`, `user_id`, `body`, `media_file_id`, `is_public`, `is_archived`, `created_at`, `updated_at`) VALUES (50, 50, 'Totam repellendus sunt est ipsam soluta quidem quo. Quis et animi quis molestiae aut. Id quos vel quia deleniti placeat est. Quos ad blanditiis sequi ab quis doloribus officiis.', 50, 0, 1, '1994-02-19 13:57:45', '2017-04-22 08:34:18');
INSERT INTO `posts` (`id`, `user_id`, `body`, `media_file_id`, `is_public`, `is_archived`, `created_at`, `updated_at`) VALUES (51, 1, 'Tempora officia deserunt illum quam eos eaque. Cumque et quasi aliquid ut nisi. Alias magnam impedit eius itaque. Nulla sunt sit cupiditate sint sit a enim.', 1, 0, 1, '2002-11-29 21:08:12', '1978-03-01 18:20:42');
INSERT INTO `posts` (`id`, `user_id`, `body`, `media_file_id`, `is_public`, `is_archived`, `created_at`, `updated_at`) VALUES (52, 2, 'Qui natus voluptatem laboriosam quos. Ea ipsa impedit reiciendis nulla natus. Minima ut quam sapiente. Perspiciatis minima fuga voluptatem quos deserunt nihil maxime odit.', 2, 1, 0, '2005-10-02 10:25:22', '1991-07-08 01:50:42');
INSERT INTO `posts` (`id`, `user_id`, `body`, `media_file_id`, `is_public`, `is_archived`, `created_at`, `updated_at`) VALUES (53, 3, 'Quae sed earum eos et ipsa fugit aut quisquam. Recusandae laudantium quo aspernatur aut ullam consequuntur. Aspernatur fugiat molestiae ut possimus. Nobis neque provident maiores sed.', 3, 1, 1, '2010-03-19 09:52:05', '2007-12-02 14:00:35');
INSERT INTO `posts` (`id`, `user_id`, `body`, `media_file_id`, `is_public`, `is_archived`, `created_at`, `updated_at`) VALUES (54, 4, 'Illum consequuntur doloribus blanditiis tempore ipsam. Minima illum laudantium et doloribus omnis explicabo voluptas fugit. Ab iure quas quaerat quos consequatur odio dolore. Hic nobis et voluptatem qui est temporibus.', 4, 0, 0, '1997-09-25 13:09:44', '1981-09-29 09:24:10');
INSERT INTO `posts` (`id`, `user_id`, `body`, `media_file_id`, `is_public`, `is_archived`, `created_at`, `updated_at`) VALUES (55, 5, 'Provident dolore sit perspiciatis placeat facilis neque. Ut explicabo sint est veritatis sint aperiam reiciendis. Ut nihil reprehenderit voluptate ea ad reprehenderit velit. Sed atque impedit odio eaque veritatis consequatur.', 5, 1, 0, '1993-10-05 00:06:48', '1994-10-25 06:06:34');
INSERT INTO `posts` (`id`, `user_id`, `body`, `media_file_id`, `is_public`, `is_archived`, `created_at`, `updated_at`) VALUES (56, 6, 'Molestiae voluptates accusamus nemo mollitia. Reprehenderit vitae iure consequatur ratione officiis est. Nihil aliquid quisquam commodi quam sint aut.', 6, 1, 0, '2001-12-24 04:33:46', '2003-07-07 15:33:37');
INSERT INTO `posts` (`id`, `user_id`, `body`, `media_file_id`, `is_public`, `is_archived`, `created_at`, `updated_at`) VALUES (57, 7, 'Quia aspernatur voluptas at dolore enim voluptates. Enim velit error sed quae fugiat illum dolorum voluptatem. Aperiam velit nesciunt quam ut explicabo culpa. Laborum perferendis eum quisquam. Possimus incidunt aperiam vitae quam.', 7, 0, 0, '1982-09-15 17:05:02', '2008-01-17 16:50:48');
INSERT INTO `posts` (`id`, `user_id`, `body`, `media_file_id`, `is_public`, `is_archived`, `created_at`, `updated_at`) VALUES (58, 8, 'Ut consequatur praesentium earum vero. Recusandae dolorem voluptatem excepturi. Magnam natus eos id nostrum voluptatem sequi.', 8, 1, 1, '1979-01-30 06:29:52', '1987-12-09 22:01:57');
INSERT INTO `posts` (`id`, `user_id`, `body`, `media_file_id`, `is_public`, `is_archived`, `created_at`, `updated_at`) VALUES (59, 9, 'Eos ut cupiditate eaque minima velit soluta id. Et odio dignissimos id quibusdam. Illum enim sunt autem iusto.', 9, 0, 1, '2016-05-11 07:55:39', '2020-03-01 03:51:13');
INSERT INTO `posts` (`id`, `user_id`, `body`, `media_file_id`, `is_public`, `is_archived`, `created_at`, `updated_at`) VALUES (60, 10, 'Et tenetur est qui eaque. Ex qui animi quis est. Exercitationem aliquam odio aliquid quia numquam. Sequi rerum quaerat consequuntur ea aut et. Veritatis excepturi eaque dolor odit necessitatibus dicta.', 10, 1, 1, '1988-03-27 17:48:05', '2001-04-21 10:31:29');
INSERT INTO `posts` (`id`, `user_id`, `body`, `media_file_id`, `is_public`, `is_archived`, `created_at`, `updated_at`) VALUES (61, 11, 'Maxime dolorem sunt voluptatibus tempore quibusdam et. Voluptatem et in consequatur eius earum.', 11, 0, 0, '2003-09-10 09:31:23', '1987-07-24 17:59:15');
INSERT INTO `posts` (`id`, `user_id`, `body`, `media_file_id`, `is_public`, `is_archived`, `created_at`, `updated_at`) VALUES (62, 12, 'Iusto voluptatum dignissimos accusamus non et. Quos sunt assumenda consectetur reiciendis veritatis culpa quisquam.', 12, 1, 0, '2013-03-14 06:04:52', '2009-04-26 23:56:29');
INSERT INTO `posts` (`id`, `user_id`, `body`, `media_file_id`, `is_public`, `is_archived`, `created_at`, `updated_at`) VALUES (63, 13, 'Aut ut illum sed assumenda eos et autem. Est quia omnis et repellat. Molestiae sapiente doloribus ut in et. Aut odit sapiente corrupti magnam sunt ut odio. Doloribus praesentium sit et qui qui eligendi.', 13, 0, 1, '1997-05-09 00:30:49', '1988-09-02 16:59:05');
INSERT INTO `posts` (`id`, `user_id`, `body`, `media_file_id`, `is_public`, `is_archived`, `created_at`, `updated_at`) VALUES (64, 14, 'Quod et rerum qui saepe est nostrum culpa. Dolores amet ratione exercitationem explicabo. Qui veritatis ea sed ratione eos ipsam perspiciatis nemo. Suscipit laborum voluptatem neque adipisci. Placeat odio sapiente quibusdam.', 14, 0, 0, '1974-02-17 18:57:25', '1996-06-21 10:42:49');
INSERT INTO `posts` (`id`, `user_id`, `body`, `media_file_id`, `is_public`, `is_archived`, `created_at`, `updated_at`) VALUES (65, 15, 'Repellat praesentium asperiores beatae. Est earum et aspernatur delectus perspiciatis. Ducimus reprehenderit eos doloremque.', 15, 0, 0, '2011-12-31 15:01:49', '1980-05-21 07:12:55');
INSERT INTO `posts` (`id`, `user_id`, `body`, `media_file_id`, `is_public`, `is_archived`, `created_at`, `updated_at`) VALUES (66, 16, 'Nihil consequatur beatae numquam. Vero minima qui vero veritatis. Rerum sint et ex eum ut libero beatae sed. Dolorem facilis ducimus odio error.', 16, 0, 1, '1997-03-11 16:31:26', '1983-04-17 03:58:52');
INSERT INTO `posts` (`id`, `user_id`, `body`, `media_file_id`, `is_public`, `is_archived`, `created_at`, `updated_at`) VALUES (67, 17, 'Officiis hic similique non sunt error id odit. Animi non quod quis quae.', 17, 1, 1, '1971-11-21 17:20:00', '2019-03-24 05:34:17');
INSERT INTO `posts` (`id`, `user_id`, `body`, `media_file_id`, `is_public`, `is_archived`, `created_at`, `updated_at`) VALUES (68, 18, 'Esse voluptatem molestias similique in minus temporibus. Qui aperiam debitis possimus dolores ut aut.', 18, 1, 1, '2003-07-17 11:58:46', '1980-11-11 15:33:22');
INSERT INTO `posts` (`id`, `user_id`, `body`, `media_file_id`, `is_public`, `is_archived`, `created_at`, `updated_at`) VALUES (69, 19, 'Officiis excepturi labore quis ut recusandae. Quis laborum ut rerum suscipit repudiandae quisquam. Consequatur sint eum pariatur. Aut consectetur facere occaecati perferendis iusto quia.', 19, 0, 0, '1996-08-19 00:39:59', '1980-12-10 12:43:55');
INSERT INTO `posts` (`id`, `user_id`, `body`, `media_file_id`, `is_public`, `is_archived`, `created_at`, `updated_at`) VALUES (70, 20, 'Fugiat qui soluta nisi sequi vitae laudantium. Sit nisi qui aut cumque suscipit. Numquam est animi amet ut sunt.', 20, 1, 0, '1983-08-07 18:46:28', '1999-07-30 13:06:06');
INSERT INTO `posts` (`id`, `user_id`, `body`, `media_file_id`, `is_public`, `is_archived`, `created_at`, `updated_at`) VALUES (71, 21, 'Quis voluptas ipsa aliquid facilis et itaque. Qui est delectus et harum ut mollitia rerum. Architecto nisi enim iste at dignissimos eaque. Sequi qui libero consequatur aliquam tenetur non ipsam. Suscipit cumque voluptas nemo illo atque velit.', 21, 1, 0, '1997-01-26 12:43:58', '1994-04-27 11:14:38');
INSERT INTO `posts` (`id`, `user_id`, `body`, `media_file_id`, `is_public`, `is_archived`, `created_at`, `updated_at`) VALUES (72, 22, 'Sint et voluptatem et dolorum aut dolor. Fuga ex beatae ut voluptate aut. Et non possimus provident harum pariatur.', 22, 0, 1, '2005-12-17 11:27:05', '2004-06-29 00:36:11');
INSERT INTO `posts` (`id`, `user_id`, `body`, `media_file_id`, `is_public`, `is_archived`, `created_at`, `updated_at`) VALUES (73, 23, 'Voluptatibus perferendis qui nihil ratione incidunt ut. Magni quis dolorum nihil nobis dolor qui. Enim nemo aspernatur error sint error impedit consequatur. Quia aut cupiditate vitae.', 23, 0, 1, '1986-10-08 19:13:57', '1996-03-04 12:48:24');
INSERT INTO `posts` (`id`, `user_id`, `body`, `media_file_id`, `is_public`, `is_archived`, `created_at`, `updated_at`) VALUES (74, 24, 'Blanditiis qui quae eligendi modi sint nam atque amet. Ex ab commodi qui.', 24, 0, 1, '1973-01-20 09:23:51', '2007-10-07 11:23:42');
INSERT INTO `posts` (`id`, `user_id`, `body`, `media_file_id`, `is_public`, `is_archived`, `created_at`, `updated_at`) VALUES (75, 25, 'Ut nihil omnis molestiae vel. Sint molestiae illo voluptas reiciendis eius quam. Occaecati occaecati sunt nihil amet.', 25, 1, 0, '1973-03-26 01:13:17', '2001-06-19 02:39:51');
INSERT INTO `posts` (`id`, `user_id`, `body`, `media_file_id`, `is_public`, `is_archived`, `created_at`, `updated_at`) VALUES (76, 26, 'Impedit quod in totam occaecati aut. Dolores sed consequuntur ipsum deleniti est amet. Soluta voluptatem eum molestiae porro temporibus aut quod.', 26, 1, 0, '2012-12-16 19:38:58', '2013-02-20 17:25:26');
INSERT INTO `posts` (`id`, `user_id`, `body`, `media_file_id`, `is_public`, `is_archived`, `created_at`, `updated_at`) VALUES (77, 27, 'Atque doloremque inventore voluptatum nobis est. Sunt natus ut quas deserunt sint. Non dolorem quia est.', 27, 1, 1, '2016-12-09 15:05:05', '1990-02-09 08:07:48');
INSERT INTO `posts` (`id`, `user_id`, `body`, `media_file_id`, `is_public`, `is_archived`, `created_at`, `updated_at`) VALUES (78, 28, 'Ipsa sit quas tempora ipsa ratione molestiae alias. Qui tenetur et in est et quas omnis. Eligendi ea temporibus reiciendis iste numquam. Illo dicta eos qui quo quia maxime quam non.', 28, 1, 1, '2020-04-22 02:56:05', '1983-03-12 04:45:30');
INSERT INTO `posts` (`id`, `user_id`, `body`, `media_file_id`, `is_public`, `is_archived`, `created_at`, `updated_at`) VALUES (79, 29, 'Voluptas suscipit exercitationem vel est labore officiis. In iure consequatur odit quibusdam velit a. Error enim molestiae at.', 29, 1, 0, '2011-03-23 02:35:08', '1983-04-10 12:40:58');
INSERT INTO `posts` (`id`, `user_id`, `body`, `media_file_id`, `is_public`, `is_archived`, `created_at`, `updated_at`) VALUES (80, 30, 'Quo qui corporis sint dolores provident magni. Et culpa quisquam esse tempore eum. Quae ex qui dolores ratione reprehenderit mollitia. Distinctio est consequatur quas dolore dicta eveniet hic. Voluptatem magnam sint sed laudantium inventore.', 30, 0, 1, '1979-01-10 05:57:25', '2009-01-31 13:00:50');
INSERT INTO `posts` (`id`, `user_id`, `body`, `media_file_id`, `is_public`, `is_archived`, `created_at`, `updated_at`) VALUES (81, 31, 'Ullam consequatur non sed et nobis non tempore. Ducimus perspiciatis reprehenderit error nostrum recusandae. Provident debitis consectetur quia ipsa voluptas rem.', 31, 0, 0, '1974-09-21 09:18:10', '2012-06-29 06:00:21');
INSERT INTO `posts` (`id`, `user_id`, `body`, `media_file_id`, `is_public`, `is_archived`, `created_at`, `updated_at`) VALUES (82, 32, 'Quis porro ratione recusandae. Dolores mollitia et sapiente dolorem beatae. Recusandae vero error blanditiis accusamus non magnam eos ut.', 32, 1, 0, '1970-08-03 00:38:02', '1990-11-06 19:16:19');
INSERT INTO `posts` (`id`, `user_id`, `body`, `media_file_id`, `is_public`, `is_archived`, `created_at`, `updated_at`) VALUES (83, 33, 'Voluptatem quia tenetur ipsum amet consequatur optio adipisci. Nostrum molestiae minima nobis vero eaque. Velit repudiandae voluptatibus error voluptatem dicta dolorem.', 33, 0, 0, '1994-01-15 06:27:19', '2008-01-13 16:19:30');
INSERT INTO `posts` (`id`, `user_id`, `body`, `media_file_id`, `is_public`, `is_archived`, `created_at`, `updated_at`) VALUES (84, 34, 'Id commodi ullam eum blanditiis aut labore repellendus. Ipsa repudiandae harum quae autem molestiae et perspiciatis. Voluptas perferendis quo non non non quam consequatur. Omnis exercitationem voluptatem id quis ipsa reiciendis soluta.', 34, 0, 0, '1973-12-23 09:17:21', '1986-03-08 07:41:53');
INSERT INTO `posts` (`id`, `user_id`, `body`, `media_file_id`, `is_public`, `is_archived`, `created_at`, `updated_at`) VALUES (85, 35, 'Fugit est vitae non temporibus quasi aut. Omnis eligendi culpa hic accusamus. Vel omnis impedit et incidunt illum.', 35, 0, 0, '2006-01-18 04:01:41', '2004-01-05 04:43:15');
INSERT INTO `posts` (`id`, `user_id`, `body`, `media_file_id`, `is_public`, `is_archived`, `created_at`, `updated_at`) VALUES (86, 36, 'Aut sed ab tenetur sunt nam ab et. Dolor aliquid quia aut molestiae asperiores. Rerum magnam hic amet maxime animi error laborum. Dolores culpa dolores error nihil dignissimos.', 36, 0, 0, '2000-03-17 22:58:05', '1976-03-08 22:08:09');
INSERT INTO `posts` (`id`, `user_id`, `body`, `media_file_id`, `is_public`, `is_archived`, `created_at`, `updated_at`) VALUES (87, 37, 'Eligendi voluptatum commodi voluptate aliquid et. Corrupti ipsa odio beatae sed hic neque. Error laborum possimus est aut enim voluptatem.', 37, 1, 0, '1981-09-30 00:31:07', '2002-04-04 12:55:42');
INSERT INTO `posts` (`id`, `user_id`, `body`, `media_file_id`, `is_public`, `is_archived`, `created_at`, `updated_at`) VALUES (88, 38, 'Est beatae quos accusamus placeat est earum. Modi nihil expedita cum voluptatem assumenda ipsum quis. Tenetur quod molestiae expedita sit error quo aspernatur. Ipsa totam voluptatem tenetur ullam. Dignissimos incidunt quibusdam cumque aliquam vero.', 38, 1, 0, '1993-03-20 04:21:23', '1981-04-12 22:52:53');
INSERT INTO `posts` (`id`, `user_id`, `body`, `media_file_id`, `is_public`, `is_archived`, `created_at`, `updated_at`) VALUES (89, 39, 'Maxime earum omnis omnis ea delectus sint in. Est nobis vel id similique eligendi dolores voluptatem facere. Similique aut qui eum numquam dolorem vel.', 39, 1, 1, '1997-01-23 03:31:44', '1976-11-17 21:35:32');
INSERT INTO `posts` (`id`, `user_id`, `body`, `media_file_id`, `is_public`, `is_archived`, `created_at`, `updated_at`) VALUES (90, 40, 'Molestias et nihil nihil distinctio aut. Cupiditate deserunt aut nulla et consequatur. Quo assumenda consequatur quo harum. Ratione enim sunt et.', 40, 0, 0, '1985-01-05 09:49:46', '2020-11-05 06:44:50');
INSERT INTO `posts` (`id`, `user_id`, `body`, `media_file_id`, `is_public`, `is_archived`, `created_at`, `updated_at`) VALUES (91, 41, 'Ut deserunt laborum qui et quia aut itaque. Ut aspernatur aspernatur facere doloribus aliquam eos. Quisquam et quibusdam sint accusamus nobis. Nesciunt et explicabo quasi similique quasi consectetur expedita.', 41, 0, 1, '2011-06-24 17:39:39', '1991-01-13 11:04:21');
INSERT INTO `posts` (`id`, `user_id`, `body`, `media_file_id`, `is_public`, `is_archived`, `created_at`, `updated_at`) VALUES (92, 42, 'Ullam perferendis deserunt qui sint eum. Eveniet rerum dolorem beatae aut hic.', 42, 0, 1, '2017-04-25 15:17:05', '1989-09-01 09:38:00');
INSERT INTO `posts` (`id`, `user_id`, `body`, `media_file_id`, `is_public`, `is_archived`, `created_at`, `updated_at`) VALUES (93, 43, 'Sit quia sit ipsum aliquid. Quia est consequatur ullam est accusamus optio. Recusandae non modi dignissimos rem repellendus quas odit. Non et voluptatibus est molestiae ut culpa quae porro. Excepturi explicabo tenetur modi saepe quas non molestias.', 43, 0, 1, '1978-10-13 16:59:26', '2016-03-13 10:52:57');
INSERT INTO `posts` (`id`, `user_id`, `body`, `media_file_id`, `is_public`, `is_archived`, `created_at`, `updated_at`) VALUES (94, 44, 'Et facere autem deserunt asperiores et temporibus. Cupiditate corporis et voluptatem blanditiis quod repellat facere. Perspiciatis dolorem laboriosam reprehenderit voluptates.', 44, 1, 1, '1993-05-06 19:27:15', '1987-09-22 06:15:13');
INSERT INTO `posts` (`id`, `user_id`, `body`, `media_file_id`, `is_public`, `is_archived`, `created_at`, `updated_at`) VALUES (95, 45, 'Unde qui voluptatem in maiores ipsa et repellat. Eum ipsa molestiae eos sed consectetur quisquam. Et praesentium est est delectus. Tenetur assumenda et consequatur.', 45, 1, 0, '1990-02-04 09:03:53', '2011-10-04 14:13:17');
INSERT INTO `posts` (`id`, `user_id`, `body`, `media_file_id`, `is_public`, `is_archived`, `created_at`, `updated_at`) VALUES (96, 46, 'Harum incidunt beatae totam. Voluptas voluptas ea voluptatem iure dolores enim eveniet. Laudantium rerum suscipit doloribus. Temporibus non et ad.', 46, 0, 1, '2009-08-25 14:14:48', '1975-09-16 03:21:23');
INSERT INTO `posts` (`id`, `user_id`, `body`, `media_file_id`, `is_public`, `is_archived`, `created_at`, `updated_at`) VALUES (97, 47, 'Eaque velit quibusdam nulla quam sed aut asperiores. Maxime animi sed soluta non. Fuga quis officiis ad voluptatibus. Perferendis tenetur facere soluta ipsa sit ipsum.', 47, 0, 1, '2003-10-13 17:18:19', '1989-02-23 14:36:45');
INSERT INTO `posts` (`id`, `user_id`, `body`, `media_file_id`, `is_public`, `is_archived`, `created_at`, `updated_at`) VALUES (98, 48, 'Consequatur eius ut nostrum iure. Eligendi natus sed et quisquam. Nam accusantium ipsum architecto est tempora. Repudiandae totam ratione voluptas veritatis. Error architecto delectus id est beatae nulla impedit.', 48, 0, 1, '1988-05-04 03:57:38', '2014-04-15 08:18:49');
INSERT INTO `posts` (`id`, `user_id`, `body`, `media_file_id`, `is_public`, `is_archived`, `created_at`, `updated_at`) VALUES (99, 49, 'Aspernatur dicta accusamus itaque. Voluptate deleniti quasi minima sed ab quas. Perferendis velit quaerat magnam.', 49, 1, 0, '2019-05-29 16:47:03', '1971-06-27 05:26:16');
INSERT INTO `posts` (`id`, `user_id`, `body`, `media_file_id`, `is_public`, `is_archived`, `created_at`, `updated_at`) VALUES (100, 50, 'Repellendus iure quia ut est. Modi velit cum provident. Dolores eum voluptatem at fugiat fugiat quia accusantium. Perspiciatis deserunt omnis incidunt blanditiis id et nulla ut.', 50, 0, 0, '2016-07-06 13:39:21', '1988-02-20 02:05:05');


#
# TABLE STRUCTURE FOR: users
#

DROP TABLE IF EXISTS `users`;

CREATE TABLE `users` (
  `id` int(10) unsigned NOT NULL AUTO_INCREMENT COMMENT 'Идентификатор строки',
  `first_name` varchar(100) COLLATE utf8_unicode_ci NOT NULL COMMENT 'Имя пользователя',
  `last_name` varchar(100) COLLATE utf8_unicode_ci DEFAULT NULL COMMENT 'Фамилия пользователя',
  `phone` varchar(100) COLLATE utf8_unicode_ci NOT NULL COMMENT 'Телефон',
  `link` varchar(100) COLLATE utf8_unicode_ci NOT NULL COMMENT 'Линк',
  `created_at` datetime DEFAULT current_timestamp() COMMENT 'Время создания строки',
  `updated_at` datetime DEFAULT current_timestamp() ON UPDATE current_timestamp() COMMENT 'Время обновления строки',
  PRIMARY KEY (`id`),
  UNIQUE KEY `link` (`link`),
  UNIQUE KEY `phone` (`phone`)
) ENGINE=InnoDB AUTO_INCREMENT=51 DEFAULT CHARSET=utf8 COLLATE=utf8_unicode_ci;

INSERT INTO `users` (`id`, `first_name`, `last_name`, `phone`, `link`, `created_at`, `updated_at`) VALUES (1, 'Nicholaus', 'Turcotte', '00123923652', 'http://hermann.com/', '2013-03-21 05:52:11', '1986-05-12 12:45:44');
INSERT INTO `users` (`id`, `first_name`, `last_name`, `phone`, `link`, `created_at`, `updated_at`) VALUES (2, 'Annetta', 'Johnston', '09666367328', 'http://www.marvin.com/', '2003-04-06 20:44:13', '2003-10-12 09:39:42');
INSERT INTO `users` (`id`, `first_name`, `last_name`, `phone`, `link`, `created_at`, `updated_at`) VALUES (3, 'Shaylee', 'Kertzmann', '(208)316-1891', 'http://streichreilly.com/', '1998-12-02 03:15:09', '2005-09-03 09:39:09');
INSERT INTO `users` (`id`, `first_name`, `last_name`, `phone`, `link`, `created_at`, `updated_at`) VALUES (4, 'Gavin', 'Waters', '1-557-509-5258', 'http://deckow.com/', '2011-02-14 00:23:58', '1981-08-31 03:54:20');
INSERT INTO `users` (`id`, `first_name`, `last_name`, `phone`, `link`, `created_at`, `updated_at`) VALUES (5, 'Elias', 'Lang', '(814)253-8769x77710', 'http://www.king.net/', '1997-01-07 19:42:18', '2019-07-20 16:11:21');
INSERT INTO `users` (`id`, `first_name`, `last_name`, `phone`, `link`, `created_at`, `updated_at`) VALUES (6, 'Alfred', 'Olson', '1-973-504-5240x987', 'http://trantow.org/', '1984-09-14 01:11:43', '2015-11-23 11:41:22');
INSERT INTO `users` (`id`, `first_name`, `last_name`, `phone`, `link`, `created_at`, `updated_at`) VALUES (7, 'Jedediah', 'Macejkovic', '1-503-728-1821x95431', 'http://weberbergnaum.com/', '1984-06-16 01:54:03', '2016-09-28 16:44:48');
INSERT INTO `users` (`id`, `first_name`, `last_name`, `phone`, `link`, `created_at`, `updated_at`) VALUES (8, 'Alysha', 'Breitenberg', '+91(3)5589539471', 'http://gorczanykoch.com/', '1979-03-01 11:53:14', '1985-03-18 17:11:39');
INSERT INTO `users` (`id`, `first_name`, `last_name`, `phone`, `link`, `created_at`, `updated_at`) VALUES (9, 'Florida', 'Rath', '1-202-644-6241x3067', 'http://lehnerbrown.com/', '1983-12-06 01:46:13', '1998-09-25 00:02:13');
INSERT INTO `users` (`id`, `first_name`, `last_name`, `phone`, `link`, `created_at`, `updated_at`) VALUES (10, 'Katarina', 'Nitzsche', '(237)658-1434x9860', 'http://www.quigley.com/', '1974-10-04 19:04:14', '1982-10-08 06:45:23');
INSERT INTO `users` (`id`, `first_name`, `last_name`, `phone`, `link`, `created_at`, `updated_at`) VALUES (11, 'Shemar', 'Rohan', '(195)559-2351x57763', 'http://www.heaney.com/', '2000-05-18 08:14:17', '2012-12-31 18:29:45');
INSERT INTO `users` (`id`, `first_name`, `last_name`, `phone`, `link`, `created_at`, `updated_at`) VALUES (12, 'Maci', 'Morar', '+08(9)1184695106', 'http://ledner.com/', '2018-09-24 11:11:22', '1991-10-29 19:37:24');
INSERT INTO `users` (`id`, `first_name`, `last_name`, `phone`, `link`, `created_at`, `updated_at`) VALUES (13, 'Christine', 'Mertz', '1-923-914-1381', 'http://lang.com/', '1999-08-24 22:30:26', '2016-10-09 19:35:25');
INSERT INTO `users` (`id`, `first_name`, `last_name`, `phone`, `link`, `created_at`, `updated_at`) VALUES (14, 'Vivienne', 'Torp', '(652)171-3953x56538', 'http://cassin.com/', '1979-06-05 17:50:34', '1992-08-22 00:51:10');
INSERT INTO `users` (`id`, `first_name`, `last_name`, `phone`, `link`, `created_at`, `updated_at`) VALUES (15, 'Lavinia', 'Simonis', '1-906-024-0869x5351', 'http://wehner.biz/', '1997-12-27 02:45:36', '1978-05-08 14:29:27');
INSERT INTO `users` (`id`, `first_name`, `last_name`, `phone`, `link`, `created_at`, `updated_at`) VALUES (16, 'Daphne', 'O\'Conner', '01588437495', 'http://www.brakuszieme.info/', '1974-07-29 08:15:36', '2020-09-11 08:42:00');
INSERT INTO `users` (`id`, `first_name`, `last_name`, `phone`, `link`, `created_at`, `updated_at`) VALUES (17, 'Devan', 'Simonis', '(277)752-5263', 'http://hessellubowitz.org/', '1972-09-09 17:45:03', '1984-03-10 02:04:03');
INSERT INTO `users` (`id`, `first_name`, `last_name`, `phone`, `link`, `created_at`, `updated_at`) VALUES (18, 'Reyna', 'Zieme', '(979)362-3984', 'http://okonjohns.biz/', '1974-04-20 10:22:03', '1978-11-08 06:45:48');
INSERT INTO `users` (`id`, `first_name`, `last_name`, `phone`, `link`, `created_at`, `updated_at`) VALUES (19, 'Sim', 'Windler', '(749)762-7702', 'http://skiles.info/', '1988-03-14 15:46:12', '1991-12-01 12:42:37');
INSERT INTO `users` (`id`, `first_name`, `last_name`, `phone`, `link`, `created_at`, `updated_at`) VALUES (20, 'Litzy', 'Russel', '1-238-425-8331', 'http://vonwyman.org/', '2004-07-04 19:43:23', '2010-12-23 03:24:25');
INSERT INTO `users` (`id`, `first_name`, `last_name`, `phone`, `link`, `created_at`, `updated_at`) VALUES (21, 'Lila', 'Gutkowski', '+22(6)9285451547', 'http://satterfield.com/', '1994-04-24 05:14:26', '1971-09-05 06:31:12');
INSERT INTO `users` (`id`, `first_name`, `last_name`, `phone`, `link`, `created_at`, `updated_at`) VALUES (22, 'Kaley', 'Hammes', '371.361.0283x20965', 'http://www.strosin.net/', '1995-11-22 02:53:28', '1995-01-07 20:40:17');
INSERT INTO `users` (`id`, `first_name`, `last_name`, `phone`, `link`, `created_at`, `updated_at`) VALUES (23, 'Winifred', 'Altenwerth', '536.059.8803', 'http://marquardt.com/', '1986-11-16 10:50:01', '2008-02-25 22:23:25');
INSERT INTO `users` (`id`, `first_name`, `last_name`, `phone`, `link`, `created_at`, `updated_at`) VALUES (24, 'Reagan', 'Hahn', '1-466-840-4987x6411', 'http://hagenes.org/', '2009-11-22 10:13:16', '2010-09-11 02:36:02');
INSERT INTO `users` (`id`, `first_name`, `last_name`, `phone`, `link`, `created_at`, `updated_at`) VALUES (25, 'Darrion', 'Koepp', '(871)366-6497', 'http://www.tremblayschmeler.org/', '2010-06-21 10:43:51', '1978-12-24 12:13:38');
INSERT INTO `users` (`id`, `first_name`, `last_name`, `phone`, `link`, `created_at`, `updated_at`) VALUES (26, 'Delaney', 'Schroeder', '639-792-3903x56614', 'http://www.runolfsdottir.biz/', '1989-03-15 03:50:06', '1996-10-14 00:13:20');
INSERT INTO `users` (`id`, `first_name`, `last_name`, `phone`, `link`, `created_at`, `updated_at`) VALUES (27, 'Francisco', 'Medhurst', '(856)590-0009', 'http://www.rippin.com/', '2013-03-31 00:01:01', '1981-12-18 08:20:29');
INSERT INTO `users` (`id`, `first_name`, `last_name`, `phone`, `link`, `created_at`, `updated_at`) VALUES (28, 'Alfonzo', 'Runte', '1-518-131-1042x9131', 'http://satterfieldklocko.com/', '1996-09-08 03:31:51', '1995-06-09 18:12:57');
INSERT INTO `users` (`id`, `first_name`, `last_name`, `phone`, `link`, `created_at`, `updated_at`) VALUES (29, 'Nasir', 'Grant', '(539)357-6497', 'http://wiza.com/', '2001-07-04 05:49:27', '2005-11-30 18:53:34');
INSERT INTO `users` (`id`, `first_name`, `last_name`, `phone`, `link`, `created_at`, `updated_at`) VALUES (30, 'Leon', 'Beier', '386.916.9932x26070', 'http://www.mills.org/', '2018-08-27 15:59:24', '2003-12-28 16:40:05');
INSERT INTO `users` (`id`, `first_name`, `last_name`, `phone`, `link`, `created_at`, `updated_at`) VALUES (31, 'Horacio', 'Gutmann', '1-598-803-5797', 'http://www.larson.com/', '2010-11-23 23:53:56', '2007-06-30 01:00:38');
INSERT INTO `users` (`id`, `first_name`, `last_name`, `phone`, `link`, `created_at`, `updated_at`) VALUES (32, 'Tremaine', 'Schuster', '561.919.1606', 'http://graham.com/', '1972-05-01 09:05:48', '1988-07-21 12:15:54');
INSERT INTO `users` (`id`, `first_name`, `last_name`, `phone`, `link`, `created_at`, `updated_at`) VALUES (33, 'Gina', 'Armstrong', '242-665-1270x5107', 'http://www.ondricka.biz/', '2020-09-13 13:45:11', '2007-12-11 13:52:54');
INSERT INTO `users` (`id`, `first_name`, `last_name`, `phone`, `link`, `created_at`, `updated_at`) VALUES (34, 'Terrell', 'Sipes', '866.678.3580x994', 'http://www.emard.biz/', '1973-01-16 14:03:07', '1985-05-17 08:36:40');
INSERT INTO `users` (`id`, `first_name`, `last_name`, `phone`, `link`, `created_at`, `updated_at`) VALUES (35, 'River', 'Metz', '153.608.7946', 'http://morar.net/', '2012-01-27 06:59:44', '1994-10-02 15:35:55');
INSERT INTO `users` (`id`, `first_name`, `last_name`, `phone`, `link`, `created_at`, `updated_at`) VALUES (36, 'Donna', 'Anderson', '039-252-9673x3285', 'http://harber.com/', '2008-05-16 03:53:55', '1982-02-07 07:00:45');
INSERT INTO `users` (`id`, `first_name`, `last_name`, `phone`, `link`, `created_at`, `updated_at`) VALUES (37, 'Alessandra', 'Kihn', '535.016.5167x96597', 'http://howewelch.biz/', '2007-08-31 13:24:48', '2011-06-23 04:45:42');
INSERT INTO `users` (`id`, `first_name`, `last_name`, `phone`, `link`, `created_at`, `updated_at`) VALUES (38, 'Deja', 'Gaylord', '02574696494', 'http://www.denesikconn.com/', '2000-05-27 12:06:26', '1975-09-26 16:35:46');
INSERT INTO `users` (`id`, `first_name`, `last_name`, `phone`, `link`, `created_at`, `updated_at`) VALUES (39, 'Pauline', 'Hayes', '487.175.1603x46766', 'http://www.johnsdeckow.com/', '2012-07-16 07:11:10', '1972-07-12 08:55:50');
INSERT INTO `users` (`id`, `first_name`, `last_name`, `phone`, `link`, `created_at`, `updated_at`) VALUES (40, 'Celestine', 'Boehm', '+74(1)2625144891', 'http://boscotorphy.biz/', '1980-06-19 11:47:10', '1985-05-25 03:30:50');
INSERT INTO `users` (`id`, `first_name`, `last_name`, `phone`, `link`, `created_at`, `updated_at`) VALUES (41, 'Jerald', 'Koepp', '179.519.5386', 'http://www.olson.com/', '2006-12-30 05:24:41', '1982-05-05 10:30:09');
INSERT INTO `users` (`id`, `first_name`, `last_name`, `phone`, `link`, `created_at`, `updated_at`) VALUES (42, 'Damian', 'Rohan', '(134)442-7206', 'http://kovacek.com/', '2013-05-23 17:49:12', '2014-08-14 21:34:43');
INSERT INTO `users` (`id`, `first_name`, `last_name`, `phone`, `link`, `created_at`, `updated_at`) VALUES (43, 'Tiara', 'Boyle', '216.744.1586x07932', 'http://www.padberg.com/', '1996-03-07 12:21:45', '2008-03-31 09:48:48');
INSERT INTO `users` (`id`, `first_name`, `last_name`, `phone`, `link`, `created_at`, `updated_at`) VALUES (44, 'Hayley', 'Bartell', '926-537-3382', 'http://bosco.com/', '1974-01-01 10:29:56', '1995-05-20 20:56:34');
INSERT INTO `users` (`id`, `first_name`, `last_name`, `phone`, `link`, `created_at`, `updated_at`) VALUES (45, 'Ryleigh', 'Schoen', '1-066-813-5784x002', 'http://www.boyle.com/', '1971-11-27 02:03:38', '1992-08-30 07:33:16');
INSERT INTO `users` (`id`, `first_name`, `last_name`, `phone`, `link`, `created_at`, `updated_at`) VALUES (46, 'Libby', 'Frami', '716-931-8301', 'http://www.keebler.biz/', '2003-08-08 21:42:48', '2015-04-25 16:58:59');
INSERT INTO `users` (`id`, `first_name`, `last_name`, `phone`, `link`, `created_at`, `updated_at`) VALUES (47, 'Alfreda', 'Murray', '1-848-852-3364x78742', 'http://welch.com/', '2009-01-27 09:24:14', '2014-06-25 15:23:18');
INSERT INTO `users` (`id`, `first_name`, `last_name`, `phone`, `link`, `created_at`, `updated_at`) VALUES (48, 'Travon', 'Wilderman', '(760)522-1611x233', 'http://www.ferryschimmel.com/', '1973-11-04 01:40:02', '2008-01-09 10:43:12');
INSERT INTO `users` (`id`, `first_name`, `last_name`, `phone`, `link`, `created_at`, `updated_at`) VALUES (49, 'Elissa', 'Rogahn', '(106)061-2070', 'http://schuppe.com/', '2008-01-31 10:01:31', '1974-02-06 10:05:16');
INSERT INTO `users` (`id`, `first_name`, `last_name`, `phone`, `link`, `created_at`, `updated_at`) VALUES (50, 'Lisa', 'Willms', '067.910.9653', 'http://mueller.com/', '2020-02-27 06:02:46', '1991-12-17 04:48:47');


